customer_id,bureau_score,active_loans,credit_utilization,enquiries_3m,delinq_12m
CUST000001,708,3,0.22,3,0
CUST000002,651,1,0.22,1,0
CUST000003,771,0,0.31,1,0
CUST000004,705,2,0.22,2,0
CUST000005,683,1,0.64,2,0
CUST000006,752,2,0.05,0,1
CUST000007,641,1,0.19,1,0
CUST000008,739,3,0.56,2,0
CUST000009,780,3,0.07,0,0
CUST000010,787,0,0.27,1,0
CUST000011,684,2,0.15,1,2
CUST000012,701,3,0.22,0,0
CUST000013,732,2,0.22,0,1
CUST000014,706,3,0.15,0,0
CUST000015,632,1,0.45,1,0
CUST000016,656,0,0.31,1,0
CUST000017,787,2,0.26,0,0
CUST000018,745,1,0.06,2,0
CUST000019,645,4,0.67,0,2
CUST000020,679,0,0.07,0,1
CUST000021,775,4,0.52,1,0
CUST000022,805,1,0.27,2,0
CUST000023,723,4,0.17,1,0
CUST000024,683,2,0.52,0,0
CUST000025,645,3,0.15,1,1
CUST000026,654,4,0.08,2,0
CUST000027,491,1,0.7,1,1
CUST000028,653,4,0.72,1,1
CUST000029,664,3,0.28,0,1
CUST000030,616,2,0.35,4,0
CUST000031,779,1,0.28,1,0
CUST000032,646,4,0.19,1,0
CUST000033,732,2,0.32,3,0
CUST000034,746,1,0.25,2,0
CUST000035,645,1,0.47,1,0
CUST000036,711,1,0.08,3,0
CUST000037,601,2,0.71,2,0
CUST000038,704,0,0.27,1,0
CUST000039,702,3,0.37,1,0
CUST000040,608,5,0.57,2,0
CUST000041,576,2,0.44,3,1
CUST000042,798,1,0.05,3,0
CUST000043,683,1,0.4,0,0
CUST000044,584,7,0.34,1,0
CUST000045,719,3,0.39,0,0
CUST000046,712,2,0.3,1,0
CUST000047,567,3,0.73,2,1
CUST000048,699,4,0.26,2,1
CUST000049,757,0,0.55,1,0
CUST000050,805,0,0.52,2,0
CUST000051,607,2,0.6,1,1
CUST000052,607,4,0.98,1,0
CUST000053,620,3,0.14,1,0
CUST000054,701,3,0.27,0,1
CUST000055,700,1,0.23,1,0
CUST000056,654,1,0.39,0,1
CUST000057,790,0,0.42,3,0
CUST000058,668,2,0.45,0,0
CUST000059,785,1,0.49,0,1
CUST000060,636,1,0.57,1,0
CUST000061,762,2,0.4,0,0
CUST000062,694,1,0.16,3,0
CUST000063,652,1,0.46,0,0
CUST000064,682,2,0.24,0,0
CUST000065,791,1,0.21,0,0
CUST000066,680,2,0.42,1,0
CUST000067,575,6,0.41,2,1
CUST000068,611,2,0.54,1,0
CUST000069,607,5,0.37,3,0
CUST000070,524,2,0.4,2,1
CUST000071,539,4,0.41,2,2
CUST000072,766,4,0.52,0,1
CUST000073,624,2,0.15,0,1
CUST000074,749,0,0.53,0,1
CUST000075,761,2,0.21,2,0
CUST000076,551,1,0.41,3,1
CUST000077,682,3,0.5,0,0
CUST000078,566,1,0.71,3,2
CUST000079,771,2,0.1,0,0
CUST000080,738,0,0.68,2,0
CUST000081,693,1,0.83,1,0
CUST000082,678,4,0.04,0,0
CUST000083,707,0,0.29,1,1
CUST000084,642,2,0.55,2,0
CUST000085,705,1,0.16,2,0
CUST000086,717,3,0.12,0,0
CUST000087,714,2,0.11,1,0
CUST000088,668,1,0.09,2,0
CUST000089,651,3,0.45,2,0
CUST000090,717,2,0.26,0,0
CUST000091,633,0,0.18,1,0
CUST000092,824,1,0.35,0,0
CUST000093,686,2,0.25,1,2
CUST000094,673,2,0.16,1,0
CUST000095,678,1,0.63,3,0
CUST000096,659,2,0.15,1,0
CUST000097,722,1,0.12,1,0
CUST000098,627,2,0.28,0,0
CUST000099,800,1,0.21,1,0
CUST000100,777,4,0.33,0,0
CUST000101,711,3,0.3,0,1
CUST000102,692,1,0.19,1,0
CUST000103,608,2,0.6,2,1
CUST000104,759,1,0.12,1,0
CUST000105,576,2,0.83,4,1
CUST000106,645,1,0.25,1,0
CUST000107,739,2,0.43,0,0
CUST000108,668,1,0.31,1,0
CUST000109,665,3,0.39,0,0
CUST000110,749,2,0.43,2,0
CUST000111,652,0,0.29,0,0
CUST000112,535,6,0.45,2,1
CUST000113,753,2,0.22,1,2
CUST000114,643,2,0.75,4,0
CUST000115,742,2,0.46,0,0
CUST000116,654,3,0.07,0,0
CUST000117,665,1,0.01,0,0
CUST000118,509,5,0.39,1,1
CUST000119,609,2,0.71,2,0
CUST000120,633,1,0.4,1,0
CUST000121,615,3,0.47,3,0
CUST000122,781,1,0.35,2,0
CUST000123,637,1,0.36,2,1
CUST000124,715,2,0.67,1,0
CUST000125,763,3,0.2,1,0
CUST000126,700,2,0.27,0,0
CUST000127,776,0,0.49,1,0
CUST000128,593,3,0.71,1,1
CUST000129,699,0,0.28,1,0
CUST000130,629,4,0.05,0,0
CUST000131,530,5,0.85,2,1
CUST000132,720,1,0.44,1,0
CUST000133,727,1,0.09,1,0
CUST000134,595,5,0.75,2,0
CUST000135,751,0,0.15,2,0
CUST000136,740,2,0.12,1,0
CUST000137,743,2,0.43,2,0
CUST000138,788,0,0.33,1,0
CUST000139,691,2,0.27,1,1
CUST000140,700,1,0.44,0,0
CUST000141,661,2,0.31,3,0
CUST000142,789,4,0.43,2,0
CUST000143,569,1,0.47,4,1
CUST000144,628,2,0.41,1,0
CUST000145,647,3,0.13,0,1
CUST000146,707,0,0.48,1,0
CUST000147,659,2,0.53,2,1
CUST000148,682,2,0.69,1,0
CUST000149,794,3,0.24,0,0
CUST000150,701,1,0.53,1,0
CUST000151,758,2,0.12,1,0
CUST000152,808,4,0.15,3,1
CUST000153,575,5,0.75,2,2
CUST000154,638,1,0.46,0,2
CUST000155,692,2,0.44,1,0
CUST000156,715,2,0.12,1,0
CUST000157,735,2,0.28,1,1
CUST000158,670,4,0.3,0,1
CUST000159,561,2,0.72,1,1
CUST000160,761,2,0.58,2,0
CUST000161,629,1,0.14,0,0
CUST000162,625,5,0.18,1,1
CUST000163,643,3,0.08,0,1
CUST000164,688,7,0.21,0,1
CUST000165,619,4,0.43,1,0
CUST000166,736,5,0.59,0,0
CUST000167,649,1,0.07,1,0
CUST000168,620,2,0.1,0,0
CUST000169,631,0,0.51,2,0
CUST000170,678,0,0.68,0,0
CUST000171,648,2,0.27,0,0
CUST000172,704,4,0.58,2,1
CUST000173,687,1,0.44,1,0
CUST000174,694,2,0.2,2,0
CUST000175,753,1,0.09,0,0
CUST000176,872,0,0.6,2,1
CUST000177,630,1,0.68,0,0
CUST000178,716,0,0.47,1,0
CUST000179,619,1,0.72,2,0
CUST000180,741,2,0.48,1,0
CUST000181,846,0,0.31,0,0
CUST000182,630,0,0.23,0,0
CUST000183,658,1,0.12,1,0
CUST000184,643,1,0.34,2,0
CUST000185,648,1,0.29,1,0
CUST000186,545,1,0.71,2,3
CUST000187,583,4,0.51,3,0
CUST000188,610,4,0.5,1,1
CUST000189,609,2,0.39,1,0
CUST000190,779,4,0.44,0,0
CUST000191,680,2,0.4,2,0
CUST000192,633,3,0.55,1,0
CUST000193,637,1,0.12,1,0
CUST000194,609,3,0.63,2,1
CUST000195,586,4,0.74,2,1
CUST000196,673,4,0.36,1,0
CUST000197,700,3,0.04,1,0
CUST000198,629,2,0.57,0,1
CUST000199,593,3,0.49,4,0
CUST000200,659,2,0.12,3,2
CUST000201,713,0,0.01,0,0
CUST000202,479,4,0.68,2,1
CUST000203,626,7,0.23,0,0
CUST000204,604,4,0.44,1,0
CUST000205,679,3,0.06,0,1
CUST000206,684,1,0.2,3,0
CUST000207,729,2,0.61,1,0
CUST000208,685,2,0.38,0,1
CUST000209,662,2,0.26,1,0
CUST000210,756,2,0.15,1,0
CUST000211,642,3,0.36,1,0
CUST000212,669,2,0.31,1,1
CUST000213,733,2,0.3,1,1
CUST000214,571,4,0.8,1,2
CUST000215,605,1,0.32,4,0
CUST000216,723,1,0.48,1,0
CUST000217,611,4,0.67,1,0
CUST000218,668,3,0.49,0,0
CUST000219,771,0,0.26,2,0
CUST000220,714,1,0.61,1,1
CUST000221,676,1,0.61,1,0
CUST000222,628,3,0.31,1,1
CUST000223,751,0,0.35,1,0
CUST000224,656,0,0.34,2,0
CUST000225,677,3,0.28,1,1
CUST000226,722,1,0.36,2,0
CUST000227,672,3,0.51,0,0
CUST000228,741,1,0.24,1,0
CUST000229,711,2,0.46,0,0
CUST000230,706,2,0.2,1,0
CUST000231,683,0,0.24,0,0
CUST000232,661,0,0.51,0,0
CUST000233,587,3,0.34,1,1
CUST000234,643,4,0.06,1,1
CUST000235,480,6,0.62,2,1
CUST000236,814,3,0.53,0,0
CUST000237,715,1,0.42,0,1
CUST000238,572,3,0.63,3,2
CUST000239,592,1,0.42,3,0
CUST000240,608,1,0.76,1,1
CUST000241,716,1,0.52,2,0
CUST000242,741,1,0.19,4,1
CUST000243,677,2,0.11,1,0
CUST000244,688,2,0.53,2,0
CUST000245,538,3,0.78,3,1
CUST000246,634,0,0.45,1,0
CUST000247,709,2,0.1,2,0
CUST000248,594,5,0.4,2,1
CUST000249,708,0,0.45,1,0
CUST000250,720,0,0.4,1,0
CUST000251,731,2,0.22,0,0
CUST000252,767,1,0.44,2,2
CUST000253,753,0,0.42,2,0
CUST000254,890,4,0.2,0,0
CUST000255,691,2,0.23,3,0
CUST000256,519,4,0.53,1,1
CUST000257,631,1,0.35,1,0
CUST000258,582,2,0.95,1,0
CUST000259,541,3,0.61,3,1
CUST000260,718,2,0.38,1,0
CUST000261,715,3,0.43,3,0
CUST000262,800,4,0.54,2,0
CUST000263,601,2,0.51,1,0
CUST000264,717,3,0.27,0,0
CUST000265,686,3,0.65,0,0
CUST000266,723,0,0.11,1,0
CUST000267,768,0,0.36,1,0
CUST000268,696,2,0.59,2,0
CUST000269,814,4,0.31,2,0
CUST000270,737,5,0.04,2,0
CUST000271,647,0,0.22,3,0
CUST000272,590,3,0.32,2,0
CUST000273,636,3,0.25,1,0
CUST000274,598,3,0.48,2,0
CUST000275,798,1,0.25,0,0
CUST000276,677,2,0.13,1,0
CUST000277,661,2,0.62,0,0
CUST000278,626,2,0.19,2,0
CUST000279,654,0,0.72,1,0
CUST000280,763,1,0.11,0,0
CUST000281,703,0,0.01,0,0
CUST000282,713,1,0.24,1,0
CUST000283,693,2,0.04,0,2
CUST000284,588,5,0.39,1,0
CUST000285,645,3,0.35,0,0
CUST000286,697,2,0.5,0,0
CUST000287,743,1,0.29,1,1
CUST000288,657,3,0.35,1,0
CUST000289,628,2,0.35,3,0
CUST000290,891,1,0.18,1,1
CUST000291,709,1,0.22,1,0
CUST000292,705,0,0.22,2,1
CUST000293,759,1,0.74,0,0
CUST000294,670,2,0.15,1,0
CUST000295,664,2,0.13,2,1
CUST000296,590,1,0.63,3,0
CUST000297,719,1,0.64,0,0
CUST000298,850,3,0.49,2,0
CUST000299,563,1,0.47,3,2
CUST000300,675,2,0.41,0,0
CUST000301,688,1,0.19,0,0
CUST000302,734,1,0.14,1,0
CUST000303,616,2,1.0,1,0
CUST000304,595,4,0.55,1,0
CUST000305,778,2,0.34,1,0
CUST000306,640,2,0.08,0,2
CUST000307,536,3,0.77,1,1
CUST000308,669,3,0.48,3,0
CUST000309,618,1,0.53,2,0
CUST000310,625,1,0.05,0,0
CUST000311,655,3,0.04,1,1
CUST000312,639,3,0.39,0,1
CUST000313,646,2,0.28,0,0
CUST000314,571,2,0.41,2,1
CUST000315,821,2,0.48,1,0
CUST000316,816,1,0.19,0,0
CUST000317,717,2,0.42,0,0
CUST000318,505,6,0.69,2,1
CUST000319,707,2,0.37,1,0
CUST000320,657,4,0.63,0,0
CUST000321,758,1,0.2,1,0
CUST000322,757,0,0.59,0,0
CUST000323,632,1,0.1,2,0
CUST000324,716,1,0.09,1,0
CUST000325,824,2,0.26,1,0
CUST000326,677,2,0.45,2,1
CUST000327,742,2,0.62,1,0
CUST000328,566,1,0.66,1,1
CUST000329,729,1,0.27,1,0
CUST000330,558,2,0.91,2,2
CUST000331,641,1,0.35,0,0
CUST000332,547,2,0.51,3,1
CUST000333,762,1,0.11,0,0
CUST000334,682,2,0.02,1,0
CUST000335,719,1,0.12,0,0
CUST000336,716,2,0.28,0,0
CUST000337,638,1,0.28,2,0
CUST000338,787,1,0.23,0,0
CUST000339,715,2,0.41,1,0
CUST000340,611,5,0.69,2,1
CUST000341,637,2,0.53,0,0
CUST000342,782,1,0.36,2,0
CUST000343,705,0,0.18,2,0
CUST000344,787,3,0.26,0,1
CUST000345,713,2,0.26,2,0
CUST000346,675,1,0.26,3,0
CUST000347,743,5,0.31,3,0
CUST000348,672,5,0.15,2,0
CUST000349,591,4,0.88,1,0
CUST000350,689,2,0.13,0,0
CUST000351,588,1,0.61,3,0
CUST000352,693,4,0.25,3,0
CUST000353,684,0,0.34,0,0
CUST000354,611,3,0.34,5,0
CUST000355,675,3,0.02,1,0
CUST000356,703,1,0.12,0,0
CUST000357,584,2,0.47,1,0
CUST000358,681,2,0.49,2,1
CUST000359,577,3,0.77,2,1
CUST000360,647,2,0.16,1,0
CUST000361,667,1,0.45,4,0
CUST000362,701,1,0.67,0,1
CUST000363,696,4,0.4,2,1
CUST000364,634,0,0.3,0,0
CUST000365,744,2,0.24,1,1
CUST000366,787,2,0.63,1,0
CUST000367,624,1,0.41,2,1
CUST000368,725,2,0.43,1,1
CUST000369,790,1,0.43,2,0
CUST000370,721,2,0.48,0,0
CUST000371,599,4,0.62,1,0
CUST000372,680,1,0.35,0,0
CUST000373,548,5,0.44,1,1
CUST000374,613,2,0.33,1,0
CUST000375,615,3,0.75,1,0
CUST000376,681,1,0.23,2,0
CUST000377,683,2,0.26,1,0
CUST000378,733,3,0.66,1,0
CUST000379,735,0,0.21,0,0
CUST000380,526,4,0.54,1,2
CUST000381,750,2,0.38,1,0
CUST000382,718,0,0.12,0,0
CUST000383,688,2,0.12,1,0
CUST000384,664,4,0.3,2,0
CUST000385,678,3,0.11,0,0
CUST000386,769,3,0.22,1,0
CUST000387,702,5,0.57,0,1
CUST000388,580,4,0.57,1,0
CUST000389,646,1,0.1,0,0
CUST000390,637,5,0.32,1,0
CUST000391,657,0,0.57,1,0
CUST000392,760,3,0.37,1,0
CUST000393,633,2,0.16,1,0
CUST000394,579,3,0.4,3,1
CUST000395,586,3,0.36,2,0
CUST000396,753,2,0.24,0,0
CUST000397,584,4,0.78,4,0
CUST000398,717,2,0.76,1,0
CUST000399,709,0,0.44,0,0
CUST000400,623,8,0.33,1,0
CUST000401,613,3,0.41,4,0
CUST000402,834,2,0.37,2,0
CUST000403,750,1,0.72,3,0
CUST000404,608,2,0.53,5,0
CUST000405,725,3,0.46,3,0
CUST000406,650,2,0.38,1,1
CUST000407,700,4,0.26,0,0
CUST000408,655,0,0.45,2,0
CUST000409,637,2,0.5,0,1
CUST000410,696,3,0.18,0,1
CUST000411,613,5,0.73,1,0
CUST000412,665,5,0.11,2,0
CUST000413,669,3,0.49,0,0
CUST000414,717,3,0.34,0,0
CUST000415,644,1,0.33,2,1
CUST000416,742,2,0.19,1,0
CUST000417,551,3,0.65,3,2
CUST000418,729,2,0.61,1,0
CUST000419,629,3,0.1,1,2
CUST000420,820,3,0.11,0,0
CUST000421,803,2,0.33,1,0
CUST000422,732,4,0.65,0,0
CUST000423,569,3,1.0,1,1
CUST000424,720,2,0.49,1,0
CUST000425,663,0,0.53,0,0
CUST000426,644,3,0.21,0,0
CUST000427,722,2,0.21,0,1
CUST000428,657,3,0.16,1,1
CUST000429,708,2,0.42,1,0
CUST000430,769,1,0.73,0,0
CUST000431,563,3,0.34,2,1
CUST000432,631,3,0.51,0,0
CUST000433,698,1,0.39,1,0
CUST000434,717,2,0.53,1,1
CUST000435,804,4,0.18,2,1
CUST000436,653,3,0.47,1,1
CUST000437,783,2,0.3,3,0
CUST000438,603,3,0.38,3,0
CUST000439,647,2,0.44,0,0
CUST000440,596,3,0.45,1,0
CUST000441,639,3,0.26,0,1
CUST000442,700,4,0.04,1,0
CUST000443,580,3,0.47,1,0
CUST000444,684,2,0.34,0,0
CUST000445,764,2,0.58,1,0
CUST000446,718,3,0.33,3,0
CUST000447,588,2,0.93,2,0
CUST000448,654,3,0.36,0,0
CUST000449,598,2,0.72,3,1
CUST000450,669,2,0.19,0,0
CUST000451,688,2,0.68,1,2
CUST000452,720,4,0.41,2,0
CUST000453,789,1,0.04,0,0
CUST000454,693,4,0.3,3,0
CUST000455,665,1,0.55,0,0
CUST000456,656,2,0.22,1,0
CUST000457,584,1,0.58,3,0
CUST000458,708,4,0.15,1,0
CUST000459,754,1,0.3,1,1
CUST000460,668,3,0.33,1,0
CUST000461,672,0,0.19,0,0
CUST000462,779,1,0.42,1,0
CUST000463,694,3,0.24,1,0
CUST000464,544,3,0.48,1,1
CUST000465,762,5,0.27,2,1
CUST000466,600,2,0.55,1,0
CUST000467,635,2,0.19,0,0
CUST000468,660,1,0.51,2,0
CUST000469,598,2,0.71,1,0
CUST000470,465,1,0.93,2,1
CUST000471,635,1,0.28,0,0
CUST000472,623,3,0.5,2,0
CUST000473,669,2,0.25,1,0
CUST000474,660,2,0.64,1,0
CUST000475,780,3,0.2,2,0
CUST000476,730,3,0.29,1,0
CUST000477,691,1,0.44,1,0
CUST000478,667,1,0.2,2,2
CUST000479,779,2,0.45,0,0
CUST000480,663,1,0.4,1,0
CUST000481,775,0,0.34,2,0
CUST000482,722,2,0.32,0,0
CUST000483,676,1,0.19,2,0
CUST000484,701,4,0.17,2,0
CUST000485,777,5,0.21,2,0
CUST000486,491,2,0.88,5,1
CUST000487,630,1,0.44,0,0
CUST000488,622,1,0.61,0,0
CUST000489,680,4,0.15,1,0
CUST000490,647,0,0.84,1,1
CUST000491,832,2,0.77,0,0
CUST000492,679,2,0.29,1,0
CUST000493,604,3,0.77,3,1
CUST000494,684,3,0.63,2,0
CUST000495,755,1,0.08,1,1
CUST000496,715,0,0.42,1,0
CUST000497,596,3,0.62,1,0
CUST000498,507,2,0.32,2,1
CUST000499,725,2,0.59,1,0
CUST000500,579,2,0.61,3,1
CUST000501,725,2,0.19,0,0
CUST000502,647,2,0.14,0,0
CUST000503,774,2,0.33,1,0
CUST000504,836,3,0.2,1,1
CUST000505,688,4,0.33,2,0
CUST000506,760,0,0.4,2,0
CUST000507,693,2,0.43,1,0
CUST000508,756,1,0.37,2,1
CUST000509,759,2,0.17,1,0
CUST000510,634,0,0.17,2,1
CUST000511,747,0,0.31,0,0
CUST000512,761,1,0.63,1,0
CUST000513,518,1,0.76,2,1
CUST000514,668,2,0.44,1,0
CUST000515,672,5,0.47,0,0
CUST000516,631,2,0.41,3,1
CUST000517,590,5,0.6,2,2
CUST000518,557,4,0.48,1,1
CUST000519,617,5,0.46,1,0
CUST000520,710,1,0.33,0,0
CUST000521,702,3,0.25,0,0
CUST000522,792,2,0.1,0,1
CUST000523,746,5,0.25,1,0
CUST000524,638,2,0.35,1,0
CUST000525,787,2,0.66,3,0
CUST000526,706,4,0.43,1,0
CUST000527,665,1,0.45,0,1
CUST000528,767,2,0.23,0,0
CUST000529,808,2,0.42,3,0
CUST000530,603,3,0.78,2,0
CUST000531,665,2,0.48,0,1
CUST000532,784,0,0.11,1,0
CUST000533,758,2,0.29,1,0
CUST000534,701,1,0.45,0,1
CUST000535,793,2,0.2,2,0
CUST000536,806,2,0.46,1,0
CUST000537,716,2,0.29,1,1
CUST000538,763,1,0.1,0,0
CUST000539,870,0,0.22,0,0
CUST000540,646,0,0.01,0,1
CUST000541,700,0,0.47,2,1
CUST000542,620,1,0.23,1,1
CUST000543,763,2,0.39,0,0
CUST000544,624,2,0.4,0,0
CUST000545,558,2,0.47,1,1
CUST000546,716,0,0.5,1,0
CUST000547,698,2,0.32,0,1
CUST000548,663,2,0.15,1,0
CUST000549,600,5,0.69,2,0
CUST000550,782,3,0.39,2,0
CUST000551,636,1,0.36,1,0
CUST000552,722,4,0.07,2,0
CUST000553,650,1,0.55,1,0
CUST000554,794,2,0.34,1,0
CUST000555,633,0,0.48,1,0
CUST000556,693,3,0.57,2,0
CUST000557,789,3,0.27,2,1
CUST000558,691,2,0.22,6,1
CUST000559,655,1,0.43,0,1
CUST000560,692,3,0.6,2,0
CUST000561,617,3,0.38,3,0
CUST000562,669,1,0.64,2,1
CUST000563,695,3,0.5,1,0
CUST000564,684,0,0.13,0,0
CUST000565,708,1,0.39,1,1
CUST000566,632,2,0.48,0,1
CUST000567,560,2,0.65,2,1
CUST000568,651,3,0.33,1,0
CUST000569,752,1,0.12,2,0
CUST000570,636,1,0.36,1,0
CUST000571,714,0,0.06,0,1
CUST000572,641,2,0.19,0,0
CUST000573,516,2,0.43,1,1
CUST000574,534,3,0.83,1,1
CUST000575,627,3,0.06,1,1
CUST000576,653,2,0.58,1,0
CUST000577,672,1,0.19,3,0
CUST000578,744,2,0.06,1,0
CUST000579,783,0,0.31,1,0
CUST000580,717,2,0.41,3,0
CUST000581,558,1,0.94,4,1
CUST000582,732,1,0.33,1,0
CUST000583,665,3,0.55,1,1
CUST000584,755,3,0.14,1,0
CUST000585,694,1,0.51,0,0
CUST000586,676,2,0.53,1,0
CUST000587,730,2,0.43,2,1
CUST000588,704,1,0.12,2,0
CUST000589,688,3,0.53,0,0
CUST000590,643,1,0.68,3,0
CUST000591,697,0,0.38,0,0
CUST000592,555,3,0.49,1,1
CUST000593,756,2,0.05,1,0
CUST000594,706,1,0.13,1,0
CUST000595,727,3,0.72,0,0
CUST000596,644,3,0.11,2,0
CUST000597,642,1,0.29,1,0
CUST000598,629,1,0.64,0,0
CUST000599,466,4,0.55,1,3
CUST000600,619,5,0.63,2,1
CUST000601,521,4,0.69,1,1
CUST000602,755,3,0.37,1,0
CUST000603,636,0,0.29,1,1
CUST000604,809,2,0.26,0,0
CUST000605,628,2,0.48,1,0
CUST000606,663,0,0.02,1,0
CUST000607,751,1,0.16,1,0
CUST000608,630,4,0.66,0,0
CUST000609,719,6,0.49,1,0
CUST000610,653,2,0.5,2,1
CUST000611,777,2,0.5,0,0
CUST000612,639,3,0.21,0,1
CUST000613,674,1,0.11,1,1
CUST000614,671,2,0.51,0,0
CUST000615,682,1,0.18,1,1
CUST000616,555,2,0.5,3,1
CUST000617,703,3,0.43,0,0
CUST000618,678,1,0.49,2,0
CUST000619,803,2,0.22,0,0
CUST000620,551,5,0.76,3,1
CUST000621,688,1,0.11,1,0
CUST000622,686,0,0.44,2,1
CUST000623,702,2,0.29,2,0
CUST000624,708,2,0.5,2,0
CUST000625,789,1,0.46,1,0
CUST000626,720,0,0.16,1,0
CUST000627,708,2,0.33,0,0
CUST000628,675,2,0.05,1,0
CUST000629,735,1,0.33,0,1
CUST000630,638,0,0.23,0,0
CUST000631,862,2,0.74,0,1
CUST000632,529,3,0.52,1,1
CUST000633,586,4,0.43,1,0
CUST000634,610,4,0.56,3,1
CUST000635,695,5,0.35,1,0
CUST000636,529,3,0.63,3,3
CUST000637,569,5,0.8,1,1
CUST000638,668,3,0.12,1,0
CUST000639,714,0,0.47,2,0
CUST000640,638,3,0.12,0,0
CUST000641,792,2,0.16,2,0
CUST000642,564,3,0.49,1,1
CUST000643,695,2,0.31,3,0
CUST000644,616,4,0.85,1,0
CUST000645,783,2,0.1,1,0
CUST000646,591,5,0.4,1,0
CUST000647,661,3,0.41,1,0
CUST000648,648,2,0.23,1,0
CUST000649,650,3,0.54,2,0
CUST000650,684,3,0.28,1,1
CUST000651,580,5,0.55,2,1
CUST000652,719,1,0.44,0,0
CUST000653,677,3,0.14,0,0
CUST000654,690,0,0.36,1,1
CUST000655,640,0,0.44,1,0
CUST000656,727,3,0.11,0,0
CUST000657,519,2,0.44,1,1
CUST000658,668,0,0.37,0,0
CUST000659,705,0,0.07,1,0
CUST000660,720,1,0.2,1,0
CUST000661,607,3,0.48,2,0
CUST000662,650,4,0.29,2,0
CUST000663,513,3,0.81,1,1
CUST000664,713,1,0.42,0,0
CUST000665,735,4,0.39,1,1
CUST000666,614,2,0.61,1,1
CUST000667,679,4,0.18,0,1
CUST000668,650,2,0.51,1,0
CUST000669,657,1,0.78,0,0
CUST000670,807,1,0.23,2,1
CUST000671,659,2,0.41,3,0
CUST000672,688,2,0.35,1,0
CUST000673,600,2,0.69,2,0
CUST000674,778,0,0.27,0,0
CUST000675,564,6,0.29,2,1
CUST000676,584,3,0.71,2,0
CUST000677,589,3,0.58,2,0
CUST000678,633,0,0.51,2,0
CUST000679,809,2,0.36,2,0
CUST000680,705,4,0.57,1,0
CUST000681,680,3,0.12,3,0
CUST000682,692,3,0.56,0,2
CUST000683,668,2,0.25,1,0
CUST000684,718,3,0.49,0,2
CUST000685,583,3,0.65,2,0
CUST000686,884,1,0.16,2,0
CUST000687,764,2,0.06,0,0
CUST000688,743,3,0.32,3,1
CUST000689,733,0,0.03,1,0
CUST000690,745,2,0.43,2,0
CUST000691,676,3,0.36,0,0
CUST000692,582,4,0.52,2,0
CUST000693,707,3,0.32,1,1
CUST000694,781,3,0.41,2,0
CUST000695,656,4,0.3,0,1
CUST000696,756,2,0.21,0,0
CUST000697,739,2,0.49,0,0
CUST000698,652,3,0.13,0,0
CUST000699,635,3,0.4,0,0
CUST000700,689,0,0.42,1,0
CUST000701,718,0,0.19,0,1
CUST000702,682,2,0.52,1,0
CUST000703,755,1,0.13,0,1
CUST000704,748,3,0.37,0,0
CUST000705,721,3,0.28,2,0
CUST000706,750,0,0.38,0,0
CUST000707,773,1,0.63,1,1
CUST000708,719,0,0.43,3,1
CUST000709,557,5,0.42,1,1
CUST000710,665,3,0.41,4,3
CUST000711,785,1,0.15,0,0
CUST000712,723,1,0.22,1,0
CUST000713,655,1,0.42,3,0
CUST000714,590,2,0.49,3,0
CUST000715,704,1,0.27,2,0
CUST000716,653,2,0.11,2,0
CUST000717,686,1,0.48,0,0
CUST000718,706,1,0.55,0,0
CUST000719,681,1,0.07,2,0
CUST000720,677,2,0.56,1,0
CUST000721,778,1,0.35,1,0
CUST000722,636,0,0.36,2,0
CUST000723,570,4,0.91,2,1
CUST000724,645,1,0.32,3,0
CUST000725,648,2,0.37,1,0
CUST000726,600,3,0.47,2,0
CUST000727,728,2,0.07,0,0
CUST000728,616,5,0.48,2,0
CUST000729,541,3,0.54,2,1
CUST000730,664,2,0.33,0,2
CUST000731,631,1,0.57,0,1
CUST000732,784,1,0.14,2,1
CUST000733,636,0,0.56,0,1
CUST000734,728,2,0.06,1,0
CUST000735,560,4,0.57,1,1
CUST000736,736,2,0.18,0,0
CUST000737,669,1,0.09,2,0
CUST000738,624,1,0.22,0,0
CUST000739,569,3,0.71,1,1
CUST000740,713,0,0.29,0,1
CUST000741,871,3,0.45,1,2
CUST000742,696,2,0.09,2,0
CUST000743,653,2,0.14,2,0
CUST000744,695,2,0.6,0,0
CUST000745,783,2,0.29,1,0
CUST000746,718,3,0.33,1,0
CUST000747,677,0,0.6,0,0
CUST000748,774,2,0.14,5,2
CUST000749,802,3,0.8,0,0
CUST000750,730,5,0.32,0,0
CUST000751,657,1,0.23,0,0
CUST000752,751,1,0.2,1,0
CUST000753,692,3,0.37,1,0
CUST000754,711,3,0.19,1,0
CUST000755,613,3,0.46,2,0
CUST000756,565,3,0.79,2,1
CUST000757,625,1,0.42,2,0
CUST000758,522,2,0.49,1,3
CUST000759,641,2,0.31,1,1
CUST000760,693,2,0.6,2,0
CUST000761,673,0,0.27,0,0
CUST000762,584,2,0.49,3,0
CUST000763,569,1,0.54,3,1
CUST000764,718,2,0.2,0,0
CUST000765,746,3,0.62,0,0
CUST000766,605,5,0.43,1,0
CUST000767,602,3,0.84,1,0
CUST000768,587,3,0.56,1,0
CUST000769,597,3,0.45,2,0
CUST000770,730,0,0.14,2,0
CUST000771,577,3,0.44,1,2
CUST000772,648,3,0.16,0,1
CUST000773,616,3,0.58,3,0
CUST000774,592,1,0.43,2,0
CUST000775,668,0,0.32,1,0
CUST000776,797,0,0.15,0,0
CUST000777,718,1,0.39,0,1
CUST000778,762,1,0.19,1,0
CUST000779,650,2,0.7,3,0
CUST000780,727,0,0.45,2,1
CUST000781,560,2,0.79,2,1
CUST000782,567,4,0.5,2,2
CUST000783,554,3,0.44,1,2
CUST000784,612,3,0.78,2,1
CUST000785,716,0,0.35,0,1
CUST000786,717,3,0.53,2,0
CUST000787,605,4,0.28,1,0
CUST000788,624,3,0.13,0,0
CUST000789,709,6,0.04,0,1
CUST000790,723,1,0.35,0,0
CUST000791,775,4,0.27,2,0
CUST000792,600,2,0.77,1,0
CUST000793,753,2,0.47,0,1
CUST000794,752,2,0.11,1,0
CUST000795,646,1,0.2,1,0
CUST000796,679,1,0.05,3,1
CUST000797,678,3,0.1,0,0
CUST000798,541,4,0.57,1,2
CUST000799,687,1,0.18,0,0
CUST000800,755,0,0.21,3,0
CUST000801,706,3,0.24,0,0
CUST000802,664,2,0.26,1,0
CUST000803,557,1,0.6,2,1
CUST000804,545,2,0.45,1,1
CUST000805,692,0,0.56,0,0
CUST000806,780,2,0.26,1,1
CUST000807,594,3,0.57,2,1
CUST000808,723,1,0.07,0,1
CUST000809,614,2,0.54,1,1
CUST000810,600,3,0.81,3,0
CUST000811,567,3,0.63,1,1
CUST000812,739,0,0.1,0,0
CUST000813,549,2,0.75,1,1
CUST000814,679,1,0.55,4,0
CUST000815,655,3,0.12,1,0
CUST000816,640,1,0.49,1,0
CUST000817,711,1,0.6,2,0
CUST000818,663,1,0.27,1,0
CUST000819,681,2,0.58,3,1
CUST000820,777,1,0.4,0,0
CUST000821,731,1,0.35,2,0
CUST000822,540,2,0.49,1,1
CUST000823,680,1,0.42,2,2
CUST000824,743,1,0.2,1,1
CUST000825,666,4,0.26,0,0
CUST000826,804,1,0.17,0,0
CUST000827,669,1,0.74,0,0
CUST000828,493,3,0.47,1,1
CUST000829,651,3,0.58,0,0
CUST000830,687,5,0.53,0,0
CUST000831,594,2,1.0,3,0
CUST000832,598,3,0.62,2,0
CUST000833,530,2,0.51,1,1
CUST000834,571,2,0.67,1,2
CUST000835,595,3,0.5,2,0
CUST000836,818,4,0.1,0,0
CUST000837,663,1,0.4,1,0
CUST000838,818,2,0.27,2,1
CUST000839,677,1,0.59,1,0
CUST000840,710,0,0.37,1,1
CUST000841,600,2,0.93,2,0
CUST000842,729,2,0.25,0,2
CUST000843,784,1,0.04,0,0
CUST000844,711,1,0.22,2,0
CUST000845,625,3,0.57,1,0
CUST000846,718,2,0.24,1,0
CUST000847,558,5,0.44,4,1
CUST000848,605,3,0.64,1,0
CUST000849,804,0,0.49,1,0
CUST000850,753,1,0.41,4,0
CUST000851,636,3,0.15,2,1
CUST000852,527,2,0.7,1,1
CUST000853,495,1,0.76,4,1
CUST000854,692,1,0.36,0,2
CUST000855,632,3,0.17,1,0
CUST000856,593,3,0.37,2,0
CUST000857,710,4,0.04,0,0
CUST000858,677,0,0.47,1,1
CUST000859,608,3,0.76,4,1
CUST000860,667,1,0.67,1,0
CUST000861,694,3,0.59,2,0
CUST000862,607,5,0.53,2,0
CUST000863,623,1,0.4,0,0
CUST000864,635,3,0.42,3,0
CUST000865,682,2,0.1,2,0
CUST000866,764,3,0.29,1,0
CUST000867,590,2,0.46,1,0
CUST000868,616,2,0.68,2,0
CUST000869,604,3,0.83,4,1
CUST000870,672,1,0.18,1,0
CUST000871,615,4,0.78,3,0
CUST000872,716,4,0.39,3,0
CUST000873,687,1,0.13,0,0
CUST000874,665,3,0.14,2,0
CUST000875,570,1,0.8,2,1
CUST000876,692,2,0.39,1,0
CUST000877,719,2,0.62,1,0
CUST000878,576,4,0.41,1,1
CUST000879,735,2,0.24,1,0
CUST000880,720,3,0.18,6,0
CUST000881,769,0,0.6,0,0
CUST000882,657,4,0.12,0,0
CUST000883,709,2,0.42,0,1
CUST000884,823,2,0.56,1,0
CUST000885,621,5,0.47,0,1
CUST000886,778,5,0.3,2,0
CUST000887,669,3,0.37,0,0
CUST000888,531,3,0.78,2,1
CUST000889,717,3,0.25,1,0
CUST000890,749,4,0.07,1,0
CUST000891,716,2,0.35,1,0
CUST000892,697,4,0.15,2,1
CUST000893,717,1,0.3,2,0
CUST000894,680,3,0.6,1,0
CUST000895,584,2,0.68,1,1
CUST000896,696,0,0.23,0,0
CUST000897,752,3,0.48,4,0
CUST000898,692,0,0.31,0,0
CUST000899,687,2,0.23,3,0
CUST000900,557,3,0.92,2,1
CUST000901,638,2,0.65,0,0
CUST000902,758,1,0.25,1,0
CUST000903,724,0,0.21,0,0
CUST000904,723,1,0.32,0,1
CUST000905,647,3,0.26,1,1
CUST000906,769,1,0.1,1,0
CUST000907,850,0,0.19,1,0
CUST000908,636,1,0.42,1,0
CUST000909,684,5,0.41,0,0
CUST000910,647,4,0.3,1,1
CUST000911,670,3,0.22,3,0
CUST000912,621,1,0.26,0,0
CUST000913,759,4,0.15,0,0
CUST000914,693,4,0.63,0,0
CUST000915,568,4,0.55,2,1
CUST000916,687,2,0.18,2,1
CUST000917,572,7,0.63,4,1
CUST000918,749,0,0.53,0,0
CUST000919,720,1,0.47,0,0
CUST000920,507,4,0.67,2,1
CUST000921,701,2,0.21,4,0
CUST000922,700,0,0.62,1,0
CUST000923,623,2,0.64,0,0
CUST000924,747,1,0.53,1,0
CUST000925,608,3,0.71,3,0
CUST000926,722,2,0.41,0,0
CUST000927,657,2,0.51,1,0
CUST000928,653,1,0.64,0,0
CUST000929,567,6,0.61,4,1
CUST000930,789,1,0.1,1,0
CUST000931,731,1,0.62,0,1
CUST000932,657,1,0.6,0,1
CUST000933,709,4,0.29,2,0
CUST000934,665,2,0.44,0,0
CUST000935,660,3,0.24,0,0
CUST000936,623,2,0.2,2,2
CUST000937,478,5,0.66,2,1
CUST000938,707,1,0.37,0,0
CUST000939,649,3,0.29,1,0
CUST000940,745,0,0.24,1,0
CUST000941,756,3,0.65,1,1
CUST000942,594,5,0.66,4,0
CUST000943,809,1,0.32,0,0
CUST000944,674,2,0.21,0,0
CUST000945,672,3,0.06,2,0
CUST000946,724,5,0.56,0,0
CUST000947,711,2,0.21,1,1
CUST000948,643,3,0.22,2,0
CUST000949,640,4,0.45,1,0
CUST000950,622,2,0.09,1,1
CUST000951,653,3,0.13,2,0
CUST000952,754,1,0.26,1,0
CUST000953,520,3,0.41,2,1
CUST000954,658,1,0.53,1,0
CUST000955,687,4,0.15,2,0
CUST000956,722,3,0.1,0,0
CUST000957,449,1,0.86,1,3
CUST000958,674,0,0.16,0,1
CUST000959,648,1,0.17,2,0
CUST000960,742,4,0.04,0,0
CUST000961,883,2,0.61,1,0
CUST000962,767,0,0.54,1,0
CUST000963,715,2,0.25,4,0
CUST000964,545,3,0.66,3,1
CUST000965,658,2,0.49,0,0
CUST000966,734,2,0.71,0,0
CUST000967,631,1,0.13,0,0
CUST000968,578,3,0.83,2,1
CUST000969,657,5,0.32,1,0
CUST000970,685,3,0.44,0,0
CUST000971,787,3,0.36,2,0
CUST000972,637,5,0.34,2,0
CUST000973,646,0,0.11,0,0
CUST000974,737,6,0.26,1,0
CUST000975,724,3,0.08,0,2
CUST000976,666,2,0.15,1,0
CUST000977,714,2,0.22,1,0
CUST000978,847,2,0.23,2,1
CUST000979,558,2,0.5,2,1
CUST000980,635,3,0.3,0,0
CUST000981,798,3,0.35,0,0
CUST000982,664,4,0.24,3,0
CUST000983,686,1,0.56,0,0
CUST000984,726,1,0.04,1,0
CUST000985,594,1,0.46,1,0
CUST000986,656,0,0.25,0,0
CUST000987,707,1,0.36,2,1
CUST000988,615,1,0.5,1,0
CUST000989,662,1,0.19,2,2
CUST000990,670,3,0.22,0,0
CUST000991,639,1,0.24,1,0
CUST000992,900,5,0.67,1,0
CUST000993,747,1,0.07,0,0
CUST000994,725,2,0.33,2,0
CUST000995,600,3,0.63,2,0
CUST000996,610,2,0.61,1,0
CUST000997,655,1,0.42,1,0
CUST000998,536,3,0.37,1,2
CUST000999,639,6,0.27,3,1
CUST001000,596,3,0.59,3,1
CUST001001,626,4,0.4,0,2
CUST001002,775,2,0.22,0,1
CUST001003,755,1,0.14,0,0
CUST001004,744,2,0.11,0,1
CUST001005,574,1,0.53,3,2
CUST001006,629,1,0.5,0,0
CUST001007,735,3,0.2,0,0
CUST001008,751,4,0.13,0,0
CUST001009,730,1,0.59,0,0
CUST001010,586,2,0.36,2,0
CUST001011,672,1,0.44,2,1
CUST001012,783,3,0.09,1,0
CUST001013,759,1,0.28,2,0
CUST001014,669,3,0.51,1,0
CUST001015,690,3,0.43,1,0
CUST001016,653,3,0.33,1,1
CUST001017,653,0,0.57,1,0
CUST001018,669,2,0.77,2,1
CUST001019,618,1,0.88,3,0
CUST001020,659,5,0.11,2,0
CUST001021,713,3,0.11,0,0
CUST001022,698,1,0.42,1,1
CUST001023,587,3,0.63,1,0
CUST001024,656,0,0.1,0,0
CUST001025,620,2,0.47,2,1
CUST001026,729,1,0.51,2,1
CUST001027,725,2,0.06,1,0
CUST001028,729,0,0.36,1,0
CUST001029,584,3,0.38,2,0
CUST001030,639,2,0.29,2,1
CUST001031,667,0,0.11,1,0
CUST001032,626,5,0.58,0,0
CUST001033,821,1,0.16,1,0
CUST001034,670,1,0.52,0,0
CUST001035,656,3,0.47,0,0
CUST001036,613,3,0.42,1,0
CUST001037,598,4,0.45,3,0
CUST001038,535,4,0.76,1,1
CUST001039,639,1,0.13,0,0
CUST001040,863,1,0.43,0,0
CUST001041,779,0,0.3,0,1
CUST001042,659,2,0.26,0,0
CUST001043,604,2,0.28,3,0
CUST001044,713,4,0.46,1,1
CUST001045,519,2,0.61,2,2
CUST001046,691,3,0.39,1,0
CUST001047,681,2,0.52,0,0
CUST001048,557,2,0.81,1,1
CUST001049,588,3,0.54,1,0
CUST001050,756,2,0.52,0,0
CUST001051,558,3,0.48,1,2
CUST001052,741,2,0.15,4,0
CUST001053,553,3,0.59,2,2
CUST001054,709,1,0.37,1,0
CUST001055,578,1,0.81,1,1
CUST001056,728,0,0.62,1,0
CUST001057,658,2,0.71,0,1
CUST001058,590,1,0.57,1,0
CUST001059,719,3,0.45,0,0
CUST001060,598,5,0.47,1,0
CUST001061,711,0,0.12,2,1
CUST001062,734,1,0.53,1,0
CUST001063,637,1,0.11,0,0
CUST001064,615,4,0.44,2,0
CUST001065,649,2,0.05,2,0
CUST001066,725,2,0.54,1,0
CUST001067,646,1,0.33,0,0
CUST001068,613,1,0.45,2,0
CUST001069,748,1,0.2,2,0
CUST001070,752,3,0.57,0,0
CUST001071,623,1,0.61,0,0
CUST001072,695,1,0.14,1,0
CUST001073,609,2,0.52,3,0
CUST001074,559,4,0.47,2,2
CUST001075,573,2,0.61,1,1
CUST001076,672,4,0.3,0,0
CUST001077,575,4,0.58,1,2
CUST001078,630,3,0.3,1,0
CUST001079,570,3,0.44,1,1
CUST001080,576,2,0.98,1,2
CUST001081,628,4,0.25,2,1
CUST001082,693,4,0.49,1,1
CUST001083,639,0,0.13,0,0
CUST001084,672,1,0.26,3,0
CUST001085,715,2,0.48,3,0
CUST001086,660,4,0.14,1,0
CUST001087,679,2,0.54,1,2
CUST001088,667,2,0.51,0,0
CUST001089,623,3,0.26,0,0
CUST001090,714,1,0.79,1,0
CUST001091,690,1,0.24,1,0
CUST001092,494,3,0.36,2,1
CUST001093,633,5,0.75,0,2
CUST001094,743,0,0.2,1,0
CUST001095,723,1,0.19,1,0
CUST001096,637,2,0.45,0,2
CUST001097,657,0,0.49,2,0
CUST001098,649,0,0.23,1,0
CUST001099,784,1,0.3,0,0
CUST001100,522,2,0.75,4,2
CUST001101,765,1,0.4,0,0
CUST001102,721,2,0.17,2,0
CUST001103,783,1,0.26,1,0
CUST001104,742,3,0.42,1,0
CUST001105,728,3,0.27,1,0
CUST001106,650,0,0.32,5,0
CUST001107,648,3,0.54,1,0
CUST001108,807,6,0.55,3,0
CUST001109,605,1,0.31,2,0
CUST001110,601,3,0.54,4,0
CUST001111,761,3,0.31,0,0
CUST001112,739,4,0.19,1,0
CUST001113,786,1,0.49,4,0
CUST001114,662,0,0.54,2,0
CUST001115,660,5,0.36,0,0
CUST001116,692,4,0.45,2,1
CUST001117,731,2,0.47,2,0
CUST001118,738,0,0.31,0,1
CUST001119,658,1,0.38,0,0
CUST001120,738,2,0.3,0,0
CUST001121,556,4,0.38,2,1
CUST001122,701,0,0.08,0,0
CUST001123,720,3,0.18,1,0
CUST001124,765,2,0.19,1,0
CUST001125,670,2,0.29,1,0
CUST001126,680,2,0.21,1,0
CUST001127,786,3,0.3,0,0
CUST001128,588,3,0.85,3,0
CUST001129,809,1,0.17,0,0
CUST001130,729,2,0.07,2,0
CUST001131,611,3,0.43,2,0
CUST001132,617,5,0.54,1,1
CUST001133,736,1,0.77,3,0
CUST001134,622,2,0.33,1,1
CUST001135,762,2,0.21,1,0
CUST001136,719,1,0.64,0,0
CUST001137,758,3,0.19,0,1
CUST001138,735,1,0.09,0,0
CUST001139,770,2,0.15,1,0
CUST001140,667,1,0.38,1,0
CUST001141,613,3,0.5,1,0
CUST001142,651,4,0.68,1,0
CUST001143,605,2,0.66,1,0
CUST001144,657,1,0.13,1,0
CUST001145,730,0,0.3,1,0
CUST001146,657,1,0.64,1,0
CUST001147,648,2,0.42,1,1
CUST001148,694,1,0.26,4,0
CUST001149,591,1,0.65,2,0
CUST001150,798,0,0.08,0,0
CUST001151,701,3,0.17,1,0
CUST001152,595,1,0.68,2,1
CUST001153,489,2,0.83,2,1
CUST001154,632,2,0.41,1,0
CUST001155,609,4,0.44,1,0
CUST001156,605,5,0.64,3,0
CUST001157,702,3,0.54,2,1
CUST001158,700,3,0.72,0,0
CUST001159,600,3,0.65,4,0
CUST001160,698,3,0.27,1,0
CUST001161,634,2,0.6,1,1
CUST001162,725,3,0.24,2,0
CUST001163,733,2,0.51,0,0
CUST001164,708,1,0.54,0,1
CUST001165,661,4,0.08,0,0
CUST001166,747,1,0.66,0,0
CUST001167,565,2,0.65,3,1
CUST001168,733,3,0.24,1,1
CUST001169,661,1,0.19,0,0
CUST001170,643,2,0.41,1,0
CUST001171,687,2,0.58,2,0
CUST001172,561,4,0.58,4,3
CUST001173,713,2,0.56,0,0
CUST001174,700,2,0.11,1,0
CUST001175,748,1,0.27,0,1
CUST001176,688,0,0.13,1,0
CUST001177,774,2,0.36,1,0
CUST001178,728,2,0.34,2,0
CUST001179,492,3,0.44,1,1
CUST001180,751,5,0.22,1,1
CUST001181,721,1,0.43,0,0
CUST001182,859,2,0.1,2,1
CUST001183,749,3,0.29,3,0
CUST001184,720,3,0.23,0,1
CUST001185,674,0,0.26,1,0
CUST001186,670,2,0.33,1,0
CUST001187,566,2,0.57,3,1
CUST001188,675,0,0.35,2,0
CUST001189,733,1,0.37,0,2
CUST001190,590,5,0.59,3,0
CUST001191,561,1,0.7,2,2
CUST001192,645,1,0.37,1,0
CUST001193,691,3,0.31,1,0
CUST001194,849,0,0.12,3,0
CUST001195,674,3,0.64,0,1
CUST001196,827,4,0.26,2,0
CUST001197,663,1,0.44,0,0
CUST001198,688,3,0.39,2,2
CUST001199,637,4,0.18,1,0
CUST001200,707,2,0.16,0,1
CUST001201,663,3,0.29,2,2
CUST001202,701,3,0.39,2,0
CUST001203,587,4,0.69,3,1
CUST001204,622,0,0.06,1,0
CUST001205,703,4,0.08,0,0
CUST001206,587,1,0.39,2,0
CUST001207,619,3,0.62,2,1
CUST001208,688,4,0.27,1,2
CUST001209,624,2,0.39,3,0
CUST001210,629,1,0.6,0,1
CUST001211,791,4,0.18,1,0
CUST001212,762,1,0.15,2,0
CUST001213,742,4,0.27,1,0
CUST001214,649,3,0.36,0,0
CUST001215,750,3,0.35,0,1
CUST001216,702,1,0.41,0,0
CUST001217,590,5,0.84,1,1
CUST001218,565,3,0.63,2,1
CUST001219,851,1,0.41,1,0
CUST001220,662,3,0.7,1,0
CUST001221,729,3,0.26,0,0
CUST001222,730,4,0.24,3,1
CUST001223,621,3,0.24,2,0
CUST001224,772,1,0.44,1,0
CUST001225,734,3,0.68,2,0
CUST001226,687,2,0.06,2,1
CUST001227,750,3,0.44,0,0
CUST001228,606,1,0.32,2,0
CUST001229,635,1,0.18,0,0
CUST001230,768,0,0.31,1,2
CUST001231,701,2,0.45,0,0
CUST001232,713,1,0.23,1,1
CUST001233,700,2,0.21,0,0
CUST001234,710,2,0.31,2,1
CUST001235,641,2,0.21,0,0
CUST001236,655,0,0.47,1,0
CUST001237,703,1,0.19,4,0
CUST001238,600,3,0.63,3,1
CUST001239,602,4,0.47,1,0
CUST001240,781,1,0.38,1,0
CUST001241,834,2,0.15,3,0
CUST001242,638,0,0.69,2,0
CUST001243,592,5,0.29,3,0
CUST001244,816,2,0.55,2,0
CUST001245,676,3,0.04,2,0
CUST001246,610,2,0.74,1,0
CUST001247,517,3,0.61,1,1
CUST001248,552,1,0.5,1,1
CUST001249,721,2,0.68,2,0
CUST001250,669,2,0.08,3,2
CUST001251,591,3,0.65,2,0
CUST001252,643,2,0.5,0,0
CUST001253,642,4,0.32,0,0
CUST001254,646,0,0.57,2,0
CUST001255,721,2,0.59,1,1
CUST001256,694,1,0.4,1,1
CUST001257,642,0,0.08,0,0
CUST001258,762,2,0.09,2,0
CUST001259,709,4,0.48,2,0
CUST001260,663,2,0.13,1,1
CUST001261,755,2,0.13,0,0
CUST001262,534,4,0.65,1,1
CUST001263,684,2,0.16,2,0
CUST001264,683,3,0.27,0,0
CUST001265,818,2,0.33,3,0
CUST001266,799,2,0.69,2,0
CUST001267,636,3,0.63,2,0
CUST001268,746,5,0.17,3,1
CUST001269,699,5,0.3,0,0
CUST001270,705,2,0.35,0,0
CUST001271,671,0,0.34,1,1
CUST001272,794,0,0.19,1,0
CUST001273,772,3,0.25,1,0
CUST001274,687,0,0.01,2,0
CUST001275,707,1,0.1,0,1
CUST001276,794,1,0.39,1,1
CUST001277,708,1,0.5,2,1
CUST001278,607,1,0.61,3,0
CUST001279,586,3,0.62,2,2
CUST001280,754,1,0.52,2,1
CUST001281,562,1,0.62,1,1
CUST001282,630,2,0.22,1,0
CUST001283,659,0,0.28,0,0
CUST001284,603,1,0.53,2,0
CUST001285,783,1,0.48,2,1
CUST001286,652,0,0.1,1,0
CUST001287,566,2,0.54,1,2
CUST001288,750,0,0.31,1,0
CUST001289,650,2,0.35,1,0
CUST001290,569,5,0.38,4,1
CUST001291,629,2,0.14,0,0
CUST001292,719,1,0.33,2,0
CUST001293,724,0,0.5,1,0
CUST001294,845,3,0.42,1,1
CUST001295,742,2,0.41,0,0
CUST001296,633,3,0.2,0,0
CUST001297,740,1,0.39,1,0
CUST001298,770,2,0.21,0,0
CUST001299,713,1,0.3,4,2
CUST001300,613,2,0.46,3,0
CUST001301,641,0,0.63,1,0
CUST001302,676,4,0.39,1,0
CUST001303,687,1,0.36,2,0
CUST001304,739,1,0.13,3,1
CUST001305,546,2,0.85,3,2
CUST001306,672,1,0.36,1,0
CUST001307,737,1,0.6,0,0
CUST001308,771,0,0.23,1,1
CUST001309,617,3,0.63,1,0
CUST001310,739,3,0.37,1,0
CUST001311,734,0,0.48,0,0
CUST001312,655,2,0.56,1,0
CUST001313,711,2,0.33,0,1
CUST001314,712,1,0.13,0,0
CUST001315,594,5,0.41,2,0
CUST001316,692,2,0.04,1,1
CUST001317,663,2,0.42,2,1
CUST001318,749,2,0.46,0,0
CUST001319,685,2,0.42,2,1
CUST001320,639,5,0.56,1,0
CUST001321,691,1,0.29,0,1
CUST001322,641,1,0.11,1,0
CUST001323,634,1,0.44,0,0
CUST001324,665,1,0.32,0,0
CUST001325,720,0,0.33,0,0
CUST001326,557,3,0.75,1,1
CUST001327,608,2,0.52,2,0
CUST001328,642,2,0.4,0,2
CUST001329,630,1,0.29,1,0
CUST001330,697,1,0.17,2,0
CUST001331,608,1,0.34,3,0
CUST001332,786,0,0.23,0,0
CUST001333,708,1,0.22,0,0
CUST001334,742,3,0.36,2,0
CUST001335,648,2,0.34,2,1
CUST001336,647,0,0.5,1,0
CUST001337,680,3,0.88,0,0
CUST001338,599,2,0.85,2,0
CUST001339,724,0,0.55,1,0
CUST001340,704,2,0.39,2,0
CUST001341,609,4,0.59,2,0
CUST001342,645,0,0.34,0,0
CUST001343,709,4,0.59,1,0
CUST001344,762,5,0.29,0,3
CUST001345,630,2,0.37,2,0
CUST001346,678,2,0.36,1,1
CUST001347,724,2,0.18,2,0
CUST001348,779,4,0.13,0,0
CUST001349,771,3,0.44,0,0
CUST001350,678,1,0.37,5,0
CUST001351,712,3,0.36,3,0
CUST001352,588,1,0.77,1,1
CUST001353,578,6,0.56,4,2
CUST001354,678,5,0.19,1,0
CUST001355,745,2,0.23,0,1
CUST001356,554,1,0.39,3,1
CUST001357,825,3,0.11,1,0
CUST001358,541,1,0.53,2,1
CUST001359,632,1,0.22,1,0
CUST001360,706,0,0.39,0,0
CUST001361,628,1,0.15,0,1
CUST001362,615,4,0.51,2,0
CUST001363,614,5,0.37,2,0
CUST001364,724,2,0.29,0,0
CUST001365,738,1,0.09,0,0
CUST001366,549,2,0.46,1,1
CUST001367,689,2,0.42,3,0
CUST001368,615,3,0.35,1,0
CUST001369,548,2,0.4,1,1
CUST001370,620,2,0.39,0,0
CUST001371,599,3,0.75,1,0
CUST001372,695,0,0.05,0,0
CUST001373,635,2,0.26,1,0
CUST001374,728,1,0.16,0,0
CUST001375,715,0,0.64,1,0
CUST001376,663,0,0.18,0,1
CUST001377,731,2,0.58,2,0
CUST001378,640,1,0.28,0,0
CUST001379,711,0,0.47,2,0
CUST001380,627,1,0.64,1,1
CUST001381,811,2,0.27,0,0
CUST001382,724,4,0.26,1,1
CUST001383,694,1,0.52,1,0
CUST001384,672,3,0.77,1,0
CUST001385,708,0,0.51,0,0
CUST001386,776,2,0.32,1,1
CUST001387,651,1,0.53,3,0
CUST001388,812,4,0.3,2,0
CUST001389,604,3,0.93,1,1
CUST001390,778,1,0.18,0,0
CUST001391,834,1,0.25,0,1
CUST001392,583,3,0.49,2,1
CUST001393,777,2,0.35,0,1
CUST001394,603,2,0.33,2,0
CUST001395,689,2,0.1,1,0
CUST001396,719,2,0.54,1,0
CUST001397,720,1,0.3,3,0
CUST001398,609,3,0.84,2,0
CUST001399,688,4,0.14,2,0
CUST001400,661,3,0.15,2,1
CUST001401,760,4,0.39,1,0
CUST001402,690,0,0.31,2,0
CUST001403,709,2,0.04,1,0
CUST001404,723,1,0.44,0,0
CUST001405,583,3,0.85,1,1
CUST001406,780,2,0.18,1,0
CUST001407,582,1,0.57,2,0
CUST001408,652,2,0.3,1,0
CUST001409,668,4,0.28,1,0
CUST001410,737,5,0.37,0,0
CUST001411,573,1,0.74,2,2
CUST001412,581,2,0.58,1,0
CUST001413,603,4,0.66,2,0
CUST001414,611,3,0.34,1,0
CUST001415,665,3,0.38,0,0
CUST001416,779,3,0.46,1,0
CUST001417,631,1,0.36,0,0
CUST001418,796,0,0.48,0,1
CUST001419,603,4,0.32,1,0
CUST001420,528,2,0.64,2,1
CUST001421,683,2,0.48,0,0
CUST001422,627,8,0.17,1,1
CUST001423,716,3,0.55,2,0
CUST001424,737,1,0.52,1,0
CUST001425,610,3,0.46,2,0
CUST001426,597,1,0.63,4,1
CUST001427,668,2,0.09,0,0
CUST001428,655,0,0.56,1,2
CUST001429,746,1,0.14,3,0
CUST001430,676,2,0.25,1,0
CUST001431,790,2,0.81,0,0
CUST001432,521,2,0.71,2,2
CUST001433,872,1,0.32,0,0
CUST001434,780,4,0.5,4,0
CUST001435,776,3,0.29,1,0
CUST001436,730,0,0.42,1,0
CUST001437,770,3,0.29,3,1
CUST001438,617,3,0.63,3,0
CUST001439,638,2,0.3,0,0
CUST001440,714,0,0.07,0,0
CUST001441,657,2,0.14,2,0
CUST001442,649,0,0.2,2,0
CUST001443,625,0,0.12,0,0
CUST001444,549,6,0.47,4,1
CUST001445,527,2,0.46,2,1
CUST001446,537,2,0.74,2,1
CUST001447,731,2,0.39,4,0
CUST001448,799,0,0.09,1,0
CUST001449,756,3,0.34,1,0
CUST001450,668,0,0.35,0,1
CUST001451,680,2,0.33,0,0
CUST001452,589,1,0.59,1,2
CUST001453,707,1,0.13,1,0
CUST001454,738,1,0.16,1,1
CUST001455,735,5,0.2,3,0
CUST001456,646,0,0.22,1,1
CUST001457,681,1,0.29,0,0
CUST001458,600,3,0.81,2,0
CUST001459,657,2,0.56,1,0
CUST001460,741,2,0.5,3,2
CUST001461,620,2,0.21,0,0
CUST001462,502,1,0.43,4,1
CUST001463,775,3,0.67,2,0
CUST001464,619,3,0.33,3,1
CUST001465,718,0,0.17,1,1
CUST001466,507,4,0.47,1,1
CUST001467,741,4,0.27,1,1
CUST001468,778,4,0.36,1,1
CUST001469,723,2,0.39,3,0
CUST001470,601,3,0.78,1,0
CUST001471,616,4,0.78,3,0
CUST001472,706,2,0.45,0,0
CUST001473,588,3,0.48,2,0
CUST001474,776,2,0.64,0,0
CUST001475,617,2,0.37,2,0
CUST001476,623,2,0.09,3,2
CUST001477,667,1,0.06,0,0
CUST001478,711,0,0.4,1,0
CUST001479,562,3,0.45,1,1
CUST001480,635,2,0.28,1,0
CUST001481,735,1,0.47,1,0
CUST001482,612,6,0.63,1,0
CUST001483,729,3,0.66,1,0
CUST001484,830,1,0.47,1,0
CUST001485,669,2,0.27,2,0
CUST001486,603,4,0.31,1,0
CUST001487,738,1,0.06,2,0
CUST001488,772,2,0.27,1,0
CUST001489,622,1,0.06,2,0
CUST001490,602,2,0.48,1,0
CUST001491,626,3,0.38,1,0
CUST001492,830,0,0.21,1,0
CUST001493,795,2,0.15,0,0
CUST001494,711,2,0.05,0,0
CUST001495,703,3,0.35,1,0
CUST001496,731,4,0.6,2,0
CUST001497,656,0,0.01,1,1
CUST001498,474,3,0.45,2,1
CUST001499,652,2,0.33,2,1
CUST001500,574,4,0.6,2,1
CUST001501,595,4,0.31,1,0
CUST001502,590,6,0.5,4,2
CUST001503,750,2,0.39,0,1
CUST001504,647,0,0.32,0,0
CUST001505,749,1,0.6,1,0
CUST001506,547,4,0.7,4,1
CUST001507,657,2,0.23,1,0
CUST001508,622,2,0.36,1,0
CUST001509,713,3,0.16,0,0
CUST001510,718,2,0.26,1,1
CUST001511,565,2,0.32,1,1
CUST001512,615,4,0.55,2,0
CUST001513,696,1,0.22,0,0
CUST001514,533,4,0.5,1,1
CUST001515,788,2,0.58,1,1
CUST001516,544,2,0.5,2,1
CUST001517,758,1,0.23,0,1
CUST001518,721,0,0.43,0,0
CUST001519,651,1,0.07,0,0
CUST001520,745,1,0.52,1,0
CUST001521,693,2,0.42,0,1
CUST001522,625,1,0.25,2,0
CUST001523,740,3,0.24,0,0
CUST001524,650,1,0.16,0,0
CUST001525,710,4,0.08,0,0
CUST001526,598,1,0.49,2,0
CUST001527,548,1,0.87,1,1
CUST001528,635,1,0.33,1,1
CUST001529,696,0,0.16,1,0
CUST001530,592,5,0.76,3,0
CUST001531,790,3,0.06,0,2
CUST001532,662,2,0.66,2,0
CUST001533,658,3,0.53,1,1
CUST001534,688,0,0.46,2,0
CUST001535,736,1,0.35,2,0
CUST001536,748,3,0.32,2,1
CUST001537,672,2,0.48,1,0
CUST001538,742,5,0.47,0,0
CUST001539,831,0,0.44,1,0
CUST001540,721,0,0.3,1,0
CUST001541,795,2,0.25,3,0
CUST001542,646,3,0.29,2,0
CUST001543,564,2,0.71,1,2
CUST001544,777,2,0.18,2,0
CUST001545,773,2,0.26,0,0
CUST001546,683,0,0.31,0,1
CUST001547,677,3,0.27,0,0
CUST001548,567,1,0.85,1,1
CUST001549,697,1,0.24,1,0
CUST001550,689,1,0.19,2,0
CUST001551,778,1,0.3,0,0
CUST001552,680,0,0.66,1,1
CUST001553,621,4,0.42,0,0
CUST001554,652,1,0.65,1,0
CUST001555,575,2,0.6,5,3
CUST001556,703,2,0.19,2,0
CUST001557,671,0,0.09,2,0
CUST001558,674,3,0.44,2,0
CUST001559,632,2,0.67,0,0
CUST001560,752,3,0.25,1,0
CUST001561,717,1,0.22,0,0
CUST001562,627,1,0.28,1,0
CUST001563,683,1,0.7,1,0
CUST001564,648,3,0.33,1,1
CUST001565,672,4,0.51,2,0
CUST001566,635,2,0.33,0,1
CUST001567,609,2,0.68,1,0
CUST001568,606,2,0.68,4,0
CUST001569,766,3,0.23,0,3
CUST001570,661,1,0.17,1,2
CUST001571,687,2,0.41,0,0
CUST001572,772,4,0.11,2,0
CUST001573,506,2,0.37,1,1
CUST001574,727,3,0.58,0,1
CUST001575,637,7,0.24,3,0
CUST001576,826,0,0.5,0,1
CUST001577,644,2,0.32,3,0
CUST001578,702,3,0.49,0,0
CUST001579,690,3,0.18,2,1
CUST001580,629,3,0.24,2,0
CUST001581,872,1,0.24,0,1
CUST001582,673,1,0.17,1,1
CUST001583,579,3,0.71,1,3
CUST001584,650,1,0.05,1,1
CUST001585,655,2,0.38,2,0
CUST001586,752,1,0.19,0,0
CUST001587,646,2,0.69,1,0
CUST001588,788,0,0.47,0,0
CUST001589,697,1,0.21,1,1
CUST001590,670,0,0.23,1,1
CUST001591,807,2,0.12,4,0
CUST001592,587,6,0.35,2,1
CUST001593,616,5,0.54,2,0
CUST001594,664,3,0.49,0,0
CUST001595,661,0,0.21,0,0
CUST001596,679,0,0.18,0,0
CUST001597,763,1,0.52,2,0
CUST001598,760,2,0.25,3,1
CUST001599,649,2,0.28,1,1
CUST001600,601,2,0.32,2,0
CUST001601,648,1,0.37,0,0
CUST001602,524,3,0.47,3,2
CUST001603,804,0,0.24,2,0
CUST001604,599,2,0.39,7,0
CUST001605,713,0,0.15,2,0
CUST001606,667,1,0.52,0,0
CUST001607,648,3,0.26,1,0
CUST001608,687,6,0.36,0,3
CUST001609,539,5,0.58,2,1
CUST001610,607,2,0.54,1,0
CUST001611,777,2,0.5,1,0
CUST001612,655,3,0.65,1,1
CUST001613,635,1,0.38,5,0
CUST001614,598,2,0.73,1,0
CUST001615,687,2,0.21,2,0
CUST001616,659,3,0.13,0,0
CUST001617,730,1,0.38,1,0
CUST001618,730,6,0.11,1,1
CUST001619,602,3,0.61,2,1
CUST001620,740,1,0.29,1,0
CUST001621,793,2,0.34,0,0
CUST001622,684,1,0.39,0,0
CUST001623,725,3,0.25,2,0
CUST001624,616,3,0.28,1,0
CUST001625,751,0,0.41,1,0
CUST001626,705,1,0.55,1,0
CUST001627,656,1,0.3,0,1
CUST001628,560,2,0.36,2,1
CUST001629,728,4,0.56,1,1
CUST001630,747,1,0.3,2,1
CUST001631,752,1,0.06,0,1
CUST001632,560,4,0.52,1,1
CUST001633,526,1,0.6,2,1
CUST001634,666,2,0.29,2,1
CUST001635,799,2,0.27,0,0
CUST001636,733,1,0.17,3,1
CUST001637,583,5,0.56,3,0
CUST001638,612,5,0.8,1,0
CUST001639,698,1,0.2,1,2
CUST001640,731,1,0.43,0,1
CUST001641,694,1,0.32,2,1
CUST001642,800,2,0.15,0,1
CUST001643,593,4,0.57,3,1
CUST001644,721,4,0.22,1,2
CUST001645,583,3,0.71,1,0
CUST001646,781,0,0.32,0,0
CUST001647,696,2,0.64,2,1
CUST001648,688,1,0.34,0,0
CUST001649,782,3,0.3,0,0
CUST001650,726,3,0.13,2,0
CUST001651,635,2,0.13,0,0
CUST001652,674,2,0.1,0,1
CUST001653,611,4,0.66,4,0
CUST001654,545,2,0.34,3,1
CUST001655,580,5,0.62,2,0
CUST001656,579,4,0.32,1,2
CUST001657,673,4,0.07,1,0
CUST001658,767,1,0.62,0,0
CUST001659,667,2,0.18,2,0
CUST001660,717,4,0.28,2,1
CUST001661,679,5,0.2,2,0
CUST001662,605,4,0.73,2,0
CUST001663,650,1,0.44,4,0
CUST001664,744,2,0.29,1,0
CUST001665,519,2,1.0,1,2
CUST001666,736,1,0.47,1,0
CUST001667,637,1,0.14,0,0
CUST001668,667,1,0.43,0,0
CUST001669,565,4,0.46,2,1
CUST001670,593,3,0.86,2,0
CUST001671,771,5,0.38,3,0
CUST001672,642,2,0.69,0,2
CUST001673,611,6,0.42,2,1
CUST001674,741,3,0.26,1,0
CUST001675,691,1,0.01,1,0
CUST001676,711,1,0.32,1,0
CUST001677,661,3,0.17,3,0
CUST001678,644,3,0.19,0,1
CUST001679,737,4,0.19,1,0
CUST001680,644,2,0.52,1,0
CUST001681,571,3,0.6,2,1
CUST001682,650,4,0.32,1,0
CUST001683,602,1,0.32,5,0
CUST001684,567,2,0.6,3,1
CUST001685,610,4,0.43,1,0
CUST001686,837,2,0.44,0,0
CUST001687,772,2,0.33,1,0
CUST001688,700,1,0.36,0,0
CUST001689,827,1,0.37,1,0
CUST001690,669,2,0.11,0,0
CUST001691,646,6,0.39,0,0
CUST001692,785,5,0.41,0,0
CUST001693,826,0,0.16,4,2
CUST001694,774,2,0.15,1,0
CUST001695,650,2,0.34,0,0
CUST001696,759,2,0.24,1,0
CUST001697,711,2,0.39,0,1
CUST001698,796,2,0.5,1,0
CUST001699,842,4,0.19,0,1
CUST001700,794,2,0.44,2,0
CUST001701,779,5,0.34,1,0
CUST001702,555,3,0.89,1,2
CUST001703,761,0,0.49,1,1
CUST001704,659,2,0.32,3,0
CUST001705,610,3,1.0,1,0
CUST001706,640,2,0.58,0,1
CUST001707,639,3,0.08,1,0
CUST001708,751,2,0.37,0,0
CUST001709,812,4,0.4,0,1
CUST001710,664,2,0.12,2,0
CUST001711,672,1,0.26,1,1
CUST001712,556,2,0.7,2,1
CUST001713,765,1,0.11,1,0
CUST001714,761,4,0.4,4,0
CUST001715,667,2,0.44,1,0
CUST001716,672,0,0.44,0,0
CUST001717,561,4,0.82,3,1
CUST001718,659,0,0.2,3,1
CUST001719,720,1,0.32,1,0
CUST001720,654,2,0.66,1,0
CUST001721,682,4,0.4,1,0
CUST001722,758,4,0.13,2,0
CUST001723,677,2,0.1,1,0
CUST001724,809,3,0.29,1,0
CUST001725,733,1,0.27,0,0
CUST001726,711,2,0.37,2,0
CUST001727,900,2,0.11,1,1
CUST001728,696,6,0.06,0,0
CUST001729,740,3,0.48,0,1
CUST001730,664,3,0.28,2,1
CUST001731,592,2,0.76,3,0
CUST001732,616,3,0.54,2,1
CUST001733,662,0,0.05,1,0
CUST001734,603,2,0.56,3,0
CUST001735,734,3,0.32,1,0
CUST001736,510,2,0.4,1,1
CUST001737,656,2,0.28,1,1
CUST001738,631,2,0.39,0,0
CUST001739,612,2,0.8,2,0
CUST001740,683,1,0.05,5,0
CUST001741,658,1,0.37,2,0
CUST001742,703,0,0.29,1,1
CUST001743,548,3,0.7,2,2
CUST001744,708,2,0.27,1,0
CUST001745,785,1,0.23,1,1
CUST001746,732,1,0.51,0,0
CUST001747,733,1,0.16,1,0
CUST001748,494,6,0.49,3,1
CUST001749,679,1,0.21,1,0
CUST001750,706,5,0.43,0,0
CUST001751,717,3,0.2,1,0
CUST001752,767,4,0.05,2,0
CUST001753,586,5,0.52,2,0
CUST001754,715,5,0.21,0,0
CUST001755,537,2,0.38,1,2
CUST001756,667,2,0.53,0,1
CUST001757,689,1,0.51,1,0
CUST001758,719,0,0.35,0,0
CUST001759,699,1,0.32,0,0
CUST001760,580,3,0.62,1,0
CUST001761,762,1,0.63,1,0
CUST001762,672,2,0.21,2,0
CUST001763,771,5,0.49,3,2
CUST001764,685,3,0.37,0,1
CUST001765,677,1,0.51,3,0
CUST001766,819,5,0.4,0,0
CUST001767,661,2,0.47,1,0
CUST001768,659,1,0.57,0,0
CUST001769,759,0,0.61,2,0
CUST001770,643,2,0.23,0,1
CUST001771,709,2,0.52,0,0
CUST001772,729,3,0.02,0,0
CUST001773,723,5,0.51,1,0
CUST001774,626,3,0.31,1,1
CUST001775,769,1,0.31,0,0
CUST001776,675,1,0.17,1,1
CUST001777,735,4,0.67,2,0
CUST001778,524,3,0.74,2,2
CUST001779,730,2,0.29,1,0
CUST001780,836,4,0.44,3,0
CUST001781,649,2,0.68,0,1
CUST001782,763,2,0.66,1,1
CUST001783,717,1,0.53,3,0
CUST001784,659,0,0.2,1,1
CUST001785,772,1,0.41,0,0
CUST001786,567,3,0.87,2,1
CUST001787,622,0,0.5,0,0
CUST001788,660,2,0.45,2,0
CUST001789,641,0,0.49,1,0
CUST001790,700,0,0.18,2,0
CUST001791,655,1,0.33,0,0
CUST001792,636,2,0.28,3,0
CUST001793,697,1,0.21,0,0
CUST001794,714,1,0.21,1,0
CUST001795,621,0,0.54,0,0
CUST001796,765,0,0.34,0,0
CUST001797,666,2,0.67,2,0
CUST001798,631,0,0.03,0,0
CUST001799,654,4,0.46,2,0
CUST001800,642,2,0.35,0,0
CUST001801,798,0,0.14,1,0
CUST001802,702,1,0.29,0,0
CUST001803,752,0,0.13,2,0
CUST001804,777,2,0.27,1,0
CUST001805,735,1,0.27,1,1
CUST001806,757,0,0.38,1,0
CUST001807,783,2,0.19,5,0
CUST001808,779,1,0.16,1,1
CUST001809,846,1,0.23,1,0
CUST001810,649,1,0.15,3,0
CUST001811,701,0,0.5,1,1
CUST001812,712,4,0.19,1,0
CUST001813,684,1,0.56,2,0
CUST001814,630,1,0.03,2,1
CUST001815,706,3,0.54,1,0
CUST001816,712,2,0.04,2,1
CUST001817,575,3,0.44,1,1
CUST001818,699,2,0.3,1,0
CUST001819,586,3,0.51,1,0
CUST001820,729,2,0.3,2,0
CUST001821,762,1,0.36,1,0
CUST001822,491,1,0.96,1,1
CUST001823,645,1,0.06,1,0
CUST001824,620,0,0.17,1,1
CUST001825,544,4,0.68,1,1
CUST001826,557,2,0.86,1,1
CUST001827,588,3,0.78,1,0
CUST001828,659,0,0.51,2,0
CUST001829,771,2,0.33,0,0
CUST001830,606,3,0.35,3,0
CUST001831,707,3,0.57,1,1
CUST001832,655,4,0.48,0,0
CUST001833,724,0,0.42,5,0
CUST001834,794,2,0.25,3,0
CUST001835,561,2,0.99,2,2
CUST001836,768,1,0.26,2,1
CUST001837,654,1,0.08,1,0
CUST001838,815,4,0.22,0,1
CUST001839,537,3,0.81,4,1
CUST001840,706,2,0.59,0,0
CUST001841,651,1,0.25,0,1
CUST001842,696,4,0.35,0,1
CUST001843,746,2,0.39,2,0
CUST001844,632,1,0.51,0,0
CUST001845,743,2,0.32,2,1
CUST001846,731,2,0.67,0,0
CUST001847,642,0,0.52,1,0
CUST001848,608,3,0.34,1,0
CUST001849,696,1,0.24,3,0
CUST001850,686,2,0.17,1,0
CUST001851,578,4,0.93,2,2
CUST001852,577,3,0.72,1,1
CUST001853,509,1,0.32,2,2
CUST001854,615,7,0.67,3,0
CUST001855,673,2,0.04,0,1
CUST001856,560,1,0.43,1,2
CUST001857,658,1,0.69,2,0
CUST001858,798,2,0.52,1,1
CUST001859,745,0,0.28,2,1
CUST001860,749,3,0.17,0,0
CUST001861,593,3,0.54,3,0
CUST001862,723,0,0.78,2,0
CUST001863,658,1,0.29,0,0
CUST001864,621,3,0.22,0,0
CUST001865,630,2,0.14,0,2
CUST001866,679,0,0.58,0,1
CUST001867,638,4,0.33,1,0
CUST001868,728,3,0.19,1,1
CUST001869,619,2,0.65,3,0
CUST001870,761,2,0.11,1,0
CUST001871,605,3,0.54,3,1
CUST001872,705,1,0.33,0,0
CUST001873,588,1,0.81,1,0
CUST001874,538,3,0.81,3,1
CUST001875,693,1,0.5,0,0
CUST001876,796,2,0.32,1,0
CUST001877,764,0,0.45,2,0
CUST001878,591,3,0.55,2,0
CUST001879,567,3,0.62,3,1
CUST001880,668,3,0.4,0,0
CUST001881,710,3,0.28,0,0
CUST001882,727,0,0.1,1,0
CUST001883,618,3,0.78,1,0
CUST001884,737,4,0.74,0,0
CUST001885,557,3,0.76,2,2
CUST001886,789,6,0.26,2,0
CUST001887,573,4,0.59,1,2
CUST001888,745,1,0.27,1,1
CUST001889,745,1,0.05,5,1
CUST001890,721,1,0.16,0,0
CUST001891,688,6,0.18,1,2
CUST001892,671,1,0.39,2,0
CUST001893,631,0,0.27,1,0
CUST001894,642,1,0.16,1,1
CUST001895,745,3,0.05,4,0
CUST001896,797,2,0.17,0,0
CUST001897,691,0,0.39,3,1
CUST001898,636,5,0.59,0,0
CUST001899,762,2,0.23,0,0
CUST001900,778,1,0.16,3,0
CUST001901,623,5,0.27,0,0
CUST001902,634,0,0.19,0,1
CUST001903,610,2,0.83,1,0
CUST001904,632,0,0.6,0,0
CUST001905,755,4,0.64,0,0
CUST001906,900,3,0.33,1,1
CUST001907,774,4,0.44,0,0
CUST001908,629,1,0.46,1,0
CUST001909,688,2,0.52,3,0
CUST001910,629,2,0.56,1,0
CUST001911,512,3,0.61,1,3
CUST001912,808,2,0.44,2,0
CUST001913,773,1,0.33,0,0
CUST001914,689,0,0.59,2,0
CUST001915,560,2,0.54,2,1
CUST001916,692,0,0.15,0,0
CUST001917,655,2,0.44,1,1
CUST001918,597,4,0.42,3,0
CUST001919,712,1,0.42,1,0
CUST001920,758,4,0.03,0,0
CUST001921,662,2,0.27,1,0
CUST001922,726,2,0.53,2,0
CUST001923,754,3,0.38,2,0
CUST001924,582,1,0.76,1,0
CUST001925,602,4,0.45,2,0
CUST001926,743,3,0.41,1,1
CUST001927,636,1,0.3,1,0
CUST001928,730,2,0.72,1,0
CUST001929,740,2,0.32,2,0
CUST001930,690,1,0.54,1,0
CUST001931,669,2,0.71,1,1
CUST001932,715,6,0.6,0,0
CUST001933,758,4,0.3,2,0
CUST001934,803,4,0.22,1,0
CUST001935,670,1,0.28,1,1
CUST001936,560,2,0.64,3,1
CUST001937,712,4,0.38,2,0
CUST001938,718,2,0.49,0,0
CUST001939,609,3,0.37,4,0
CUST001940,767,3,0.25,1,0
CUST001941,674,2,0.18,0,0
CUST001942,661,2,0.54,1,0
CUST001943,634,2,0.59,2,0
CUST001944,588,3,0.27,1,0
CUST001945,639,2,0.59,0,0
CUST001946,678,2,0.53,1,0
CUST001947,738,0,0.34,4,1
CUST001948,664,3,0.28,0,0
CUST001949,609,2,0.88,2,0
CUST001950,550,2,0.52,2,1
CUST001951,774,0,0.33,2,1
CUST001952,636,2,0.45,2,0
CUST001953,707,7,0.04,0,0
CUST001954,706,2,0.13,2,1
CUST001955,619,4,0.65,1,1
CUST001956,655,1,0.46,1,0
CUST001957,649,1,0.32,0,1
CUST001958,620,1,0.41,0,1
CUST001959,701,1,0.31,2,0
CUST001960,711,3,0.08,1,0
CUST001961,702,2,0.37,0,0
CUST001962,638,2,0.25,3,0
CUST001963,679,1,0.29,0,0
CUST001964,728,2,0.23,1,0
CUST001965,726,1,0.37,1,1
CUST001966,713,1,0.3,1,1
CUST001967,699,0,0.32,0,1
CUST001968,613,3,0.36,1,0
CUST001969,692,0,0.28,0,0
CUST001970,657,6,0.29,3,0
CUST001971,643,2,0.36,0,0
CUST001972,603,3,0.57,2,0
CUST001973,809,2,0.25,1,0
CUST001974,688,3,0.23,2,1
CUST001975,587,2,0.45,1,0
CUST001976,618,1,0.36,1,0
CUST001977,777,1,0.8,1,0
CUST001978,560,9,0.73,1,4
CUST001979,599,3,0.45,1,0
CUST001980,670,2,0.26,2,1
CUST001981,719,2,0.6,4,0
CUST001982,614,4,0.52,1,0
CUST001983,649,4,0.46,1,0
CUST001984,589,4,0.42,1,0
CUST001985,729,2,0.51,1,0
CUST001986,681,3,0.23,0,0
CUST001987,717,2,0.1,1,1
CUST001988,507,3,0.46,4,1
CUST001989,624,1,0.67,0,0
CUST001990,713,2,0.25,0,0
CUST001991,638,6,0.32,0,0
CUST001992,565,3,0.43,5,1
CUST001993,634,1,0.31,2,0
CUST001994,731,2,0.18,1,0
CUST001995,673,4,0.67,1,0
CUST001996,619,4,0.45,2,0
CUST001997,571,5,0.69,3,1
CUST001998,658,4,0.54,0,0
CUST001999,753,5,0.49,0,1
CUST002000,753,6,0.59,0,0
CUST002001,703,1,0.17,3,0
CUST002002,553,1,0.44,3,1
CUST002003,624,2,0.33,0,0
CUST002004,590,5,0.5,1,0
CUST002005,566,4,0.62,1,1
CUST002006,715,2,0.03,4,0
CUST002007,685,2,0.19,1,1
CUST002008,837,3,0.37,3,1
CUST002009,626,2,0.23,0,0
CUST002010,665,1,0.11,1,0
CUST002011,753,2,0.27,3,0
CUST002012,717,2,0.17,2,0
CUST002013,546,5,0.42,4,2
CUST002014,650,1,0.37,2,0
CUST002015,661,0,0.33,1,1
CUST002016,645,0,0.46,0,0
CUST002017,684,4,0.3,3,0
CUST002018,754,3,0.2,1,0
CUST002019,728,3,0.24,2,0
CUST002020,708,4,0.33,2,0
CUST002021,696,1,0.48,1,0
CUST002022,756,3,0.17,2,0
CUST002023,746,2,0.32,1,0
CUST002024,651,2,0.28,0,1
CUST002025,653,0,0.3,2,0
CUST002026,753,1,0.49,2,1
CUST002027,544,2,0.78,4,1
CUST002028,772,0,0.32,2,0
CUST002029,687,2,0.14,1,0
CUST002030,735,4,0.3,3,0
CUST002031,635,4,0.4,0,2
CUST002032,599,3,0.69,2,0
CUST002033,631,2,0.33,1,0
CUST002034,707,0,0.4,0,0
CUST002035,653,1,0.54,3,0
CUST002036,656,3,0.09,0,0
CUST002037,591,1,0.53,2,0
CUST002038,643,1,0.4,1,0
CUST002039,668,0,0.12,1,0
CUST002040,712,1,0.12,0,0
CUST002041,742,3,0.35,0,0
CUST002042,751,1,0.07,0,1
CUST002043,704,0,0.03,2,0
CUST002044,653,4,0.54,0,0
CUST002045,595,2,0.49,2,0
CUST002046,808,3,0.18,1,0
CUST002047,659,4,0.5,0,0
CUST002048,825,3,0.28,0,1
CUST002049,662,5,0.14,1,0
CUST002050,769,3,0.35,2,0
CUST002051,742,0,0.04,2,0
CUST002052,700,2,0.36,0,0
CUST002053,641,5,0.14,1,0
CUST002054,682,2,0.19,3,0
CUST002055,641,3,0.41,1,0
CUST002056,751,4,0.43,1,0
CUST002057,604,2,0.51,1,0
CUST002058,649,1,0.33,1,0
CUST002059,713,1,0.41,1,1
CUST002060,637,0,0.12,1,0
CUST002061,599,5,0.41,1,0
CUST002062,819,3,0.09,1,0
CUST002063,754,2,0.44,0,1
CUST002064,690,1,0.22,1,1
CUST002065,609,7,0.65,2,0
CUST002066,754,3,0.22,2,0
CUST002067,890,2,0.43,0,0
CUST002068,723,1,0.26,2,0
CUST002069,646,2,0.19,3,1
CUST002070,661,1,0.29,1,0
CUST002071,702,2,0.55,1,0
CUST002072,722,1,0.4,2,0
CUST002073,713,1,0.34,0,0
CUST002074,571,2,0.33,2,2
CUST002075,747,4,0.3,0,0
CUST002076,611,2,0.78,2,0
CUST002077,673,2,0.26,2,0
CUST002078,674,3,0.37,2,1
CUST002079,674,0,0.38,1,0
CUST002080,635,0,0.31,2,0
CUST002081,718,5,0.16,1,0
CUST002082,696,2,0.35,0,0
CUST002083,619,2,0.68,4,0
CUST002084,622,2,0.42,2,1
CUST002085,577,1,0.55,1,2
CUST002086,548,5,0.87,2,1
CUST002087,697,0,0.22,3,0
CUST002088,728,0,0.47,1,0
CUST002089,863,1,0.06,0,1
CUST002090,649,2,0.38,0,2
CUST002091,737,4,0.4,1,0
CUST002092,684,2,0.14,2,0
CUST002093,723,4,0.03,1,0
CUST002094,664,2,0.2,2,0
CUST002095,652,3,0.38,2,0
CUST002096,688,4,0.33,0,0
CUST002097,668,1,0.26,2,0
CUST002098,809,0,0.29,1,0
CUST002099,591,5,0.84,1,0
CUST002100,678,2,0.28,1,0
CUST002101,618,2,0.38,1,0
CUST002102,753,2,0.18,0,0
CUST002103,694,2,0.2,0,0
CUST002104,686,0,0.2,1,0
CUST002105,669,1,0.35,1,0
CUST002106,586,2,0.27,1,0
CUST002107,645,1,0.24,0,1
CUST002108,646,1,0.07,2,0
CUST002109,688,0,0.23,0,0
CUST002110,702,1,0.44,1,0
CUST002111,752,3,0.45,0,1
CUST002112,748,3,0.45,2,0
CUST002113,633,2,0.57,1,0
CUST002114,748,2,0.28,0,0
CUST002115,777,5,0.67,0,0
CUST002116,633,6,0.27,1,1
CUST002117,579,3,0.39,2,1
CUST002118,607,1,0.81,3,2
CUST002119,627,2,0.38,0,0
CUST002120,634,4,0.36,1,0
CUST002121,646,3,0.37,1,1
CUST002122,727,1,0.7,2,0
CUST002123,669,2,0.32,1,0
CUST002124,667,1,0.12,2,0
CUST002125,682,0,0.4,1,1
CUST002126,737,2,0.48,0,0
CUST002127,626,0,0.11,0,0
CUST002128,615,3,0.34,2,0
CUST002129,619,2,0.69,1,0
CUST002130,670,1,0.19,4,0
CUST002131,625,3,0.04,0,1
CUST002132,583,3,0.28,3,1
CUST002133,656,4,0.24,0,0
CUST002134,592,4,0.55,2,1
CUST002135,590,4,0.45,1,0
CUST002136,530,2,0.67,1,1
CUST002137,771,2,0.23,0,1
CUST002138,694,1,0.26,0,0
CUST002139,611,4,0.6,3,0
CUST002140,604,2,0.55,3,0
CUST002141,676,1,0.3,1,1
CUST002142,795,2,0.25,0,0
CUST002143,681,3,0.4,0,0
CUST002144,554,6,0.47,1,1
CUST002145,624,1,0.69,1,1
CUST002146,736,3,0.54,0,0
CUST002147,621,2,0.28,0,0
CUST002148,720,1,0.14,1,0
CUST002149,714,5,0.46,3,0
CUST002150,649,1,0.21,3,0
CUST002151,563,2,0.58,2,1
CUST002152,490,2,0.59,3,1
CUST002153,746,4,0.26,1,0
CUST002154,633,4,0.32,0,1
CUST002155,592,3,0.42,2,0
CUST002156,762,1,0.56,0,0
CUST002157,656,3,0.51,1,0
CUST002158,670,1,0.38,1,0
CUST002159,648,3,0.46,2,1
CUST002160,592,4,0.39,2,2
CUST002161,601,2,0.67,2,0
CUST002162,842,0,0.11,1,0
CUST002163,754,1,0.14,2,1
CUST002164,661,2,0.21,1,0
CUST002165,599,3,0.36,2,0
CUST002166,630,1,0.26,1,1
CUST002167,772,1,0.59,2,0
CUST002168,735,5,0.34,1,0
CUST002169,631,2,0.07,0,0
CUST002170,771,4,0.59,1,0
CUST002171,716,3,0.1,1,0
CUST002172,577,2,0.31,4,1
CUST002173,568,3,0.83,2,1
CUST002174,643,3,0.2,0,0
CUST002175,687,2,0.48,1,0
CUST002176,517,3,0.35,1,1
CUST002177,825,0,0.44,0,0
CUST002178,711,2,0.29,0,0
CUST002179,572,2,0.42,2,1
CUST002180,710,2,0.04,1,0
CUST002181,688,0,0.35,3,0
CUST002182,665,0,0.06,0,1
CUST002183,635,0,0.33,1,0
CUST002184,729,1,0.34,0,0
CUST002185,665,2,0.32,1,1
CUST002186,710,0,0.52,1,1
CUST002187,516,3,0.51,2,1
CUST002188,617,2,0.49,3,0
CUST002189,765,2,0.37,0,0
CUST002190,554,2,0.41,2,1
CUST002191,701,1,0.56,1,0
CUST002192,762,2,0.14,3,0
CUST002193,706,5,0.45,2,0
CUST002194,738,1,0.41,1,1
CUST002195,710,2,0.51,0,0
CUST002196,817,2,0.21,0,0
CUST002197,594,3,0.32,1,0
CUST002198,573,2,0.3,4,1
CUST002199,682,4,0.59,2,1
CUST002200,707,0,0.54,0,0
CUST002201,678,3,0.23,1,1
CUST002202,650,2,0.24,0,0
CUST002203,808,3,0.17,0,0
CUST002204,690,3,0.63,0,0
CUST002205,834,2,0.43,2,0
CUST002206,774,2,0.48,0,1
CUST002207,702,3,0.54,1,0
CUST002208,637,0,0.57,2,0
CUST002209,655,2,0.08,1,0
CUST002210,682,2,0.28,1,1
CUST002211,634,3,0.14,1,1
CUST002212,525,1,0.41,1,1
CUST002213,677,0,0.41,1,0
CUST002214,868,2,0.6,0,0
CUST002215,723,1,0.39,3,0
CUST002216,619,5,0.61,2,0
CUST002217,716,1,0.29,0,1
CUST002218,652,4,0.38,0,1
CUST002219,599,1,0.85,3,0
CUST002220,629,1,0.53,1,0
CUST002221,636,2,0.08,1,1
CUST002222,543,1,0.62,1,1
CUST002223,609,3,0.44,3,0
CUST002224,539,8,0.74,2,1
CUST002225,696,2,0.18,2,1
CUST002226,697,0,0.75,0,0
CUST002227,627,3,0.15,2,0
CUST002228,746,2,0.29,1,0
CUST002229,596,2,0.51,2,0
CUST002230,673,0,0.27,1,1
CUST002231,584,4,0.5,1,0
CUST002232,677,4,0.24,0,1
CUST002233,573,4,0.61,1,1
CUST002234,743,0,0.56,4,0
CUST002235,695,3,0.23,0,0
CUST002236,715,3,0.44,1,0
CUST002237,733,0,0.56,1,0
CUST002238,730,1,0.12,1,0
CUST002239,692,0,0.34,0,0
CUST002240,693,1,0.05,1,0
CUST002241,714,3,0.42,0,1
CUST002242,728,2,0.71,1,1
CUST002243,652,5,0.35,3,1
CUST002244,567,5,0.88,1,1
CUST002245,769,2,0.29,1,0
CUST002246,774,2,0.54,0,0
CUST002247,778,1,0.57,0,0
CUST002248,701,1,0.45,0,0
CUST002249,742,1,0.19,1,0
CUST002250,698,3,0.24,2,1
CUST002251,855,2,0.24,2,0
CUST002252,729,5,0.61,1,0
CUST002253,525,4,0.46,2,1
CUST002254,719,3,0.18,0,0
CUST002255,600,2,0.3,1,0
CUST002256,781,4,0.11,2,1
CUST002257,642,0,0.7,0,0
CUST002258,678,3,0.6,0,0
CUST002259,452,4,0.38,2,1
CUST002260,684,5,0.28,1,0
CUST002261,555,3,0.37,3,1
CUST002262,663,2,0.47,1,0
CUST002263,683,1,0.18,0,0
CUST002264,703,2,0.7,2,0
CUST002265,679,3,0.39,0,0
CUST002266,659,3,0.52,0,0
CUST002267,726,5,0.46,1,1
CUST002268,685,6,0.52,1,1
CUST002269,532,4,0.59,1,1
CUST002270,809,3,0.19,0,0
CUST002271,577,2,0.5,1,1
CUST002272,736,3,0.01,0,2
CUST002273,769,0,0.51,0,0
CUST002274,718,3,0.07,1,0
CUST002275,586,4,0.41,1,0
CUST002276,643,1,0.1,0,0
CUST002277,695,3,0.35,0,1
CUST002278,626,0,0.59,0,0
CUST002279,688,3,0.78,2,0
CUST002280,690,1,0.27,0,0
CUST002281,728,2,0.11,0,0
CUST002282,602,4,0.5,1,0
CUST002283,817,0,0.29,2,0
CUST002284,696,4,0.59,1,0
CUST002285,627,2,0.38,2,0
CUST002286,664,1,0.39,0,0
CUST002287,561,5,0.45,2,1
CUST002288,487,3,0.96,2,1
CUST002289,610,3,0.28,3,0
CUST002290,622,4,0.51,1,0
CUST002291,541,3,0.36,1,3
CUST002292,672,3,0.3,1,0
CUST002293,715,4,0.33,2,0
CUST002294,637,2,0.44,0,0
CUST002295,766,1,0.22,0,0
CUST002296,666,1,0.32,2,0
CUST002297,676,4,0.06,1,0
CUST002298,708,0,0.54,0,0
CUST002299,645,2,0.31,0,1
CUST002300,672,3,0.3,1,0
CUST002301,685,2,0.15,1,0
CUST002302,696,2,0.25,0,0
CUST002303,647,3,0.08,1,0
CUST002304,834,0,0.37,0,0
CUST002305,775,3,0.11,3,1
CUST002306,679,1,0.25,0,1
CUST002307,635,5,0.58,4,0
CUST002308,854,3,0.14,3,1
CUST002309,767,1,0.57,2,1
CUST002310,729,2,0.54,3,0
CUST002311,650,5,0.3,0,1
CUST002312,743,3,0.35,0,0
CUST002313,726,0,0.33,0,0
CUST002314,600,4,0.36,3,0
CUST002315,623,1,0.09,0,0
CUST002316,668,2,0.17,1,0
CUST002317,748,1,0.23,2,0
CUST002318,710,1,0.32,3,0
CUST002319,645,0,0.35,1,0
CUST002320,629,2,0.4,0,0
CUST002321,452,2,0.75,1,1
CUST002322,675,4,0.27,2,0
CUST002323,708,1,0.39,4,0
CUST002324,671,3,0.39,0,0
CUST002325,625,1,0.34,0,0
CUST002326,829,4,0.38,0,0
CUST002327,539,2,0.54,3,1
CUST002328,577,3,0.64,2,1
CUST002329,720,2,0.45,2,0
CUST002330,610,4,0.46,3,0
CUST002331,675,2,0.1,0,0
CUST002332,704,1,0.52,0,1
CUST002333,558,1,0.5,2,2
CUST002334,689,4,0.34,0,0
CUST002335,670,0,0.28,0,1
CUST002336,761,3,0.15,0,1
CUST002337,714,3,0.55,3,0
CUST002338,729,3,0.23,0,0
CUST002339,799,2,0.19,0,0
CUST002340,744,4,0.28,1,0
CUST002341,643,5,0.19,0,0
CUST002342,643,0,0.25,1,0
CUST002343,646,5,0.67,0,0
CUST002344,620,4,0.13,4,1
CUST002345,567,3,0.41,2,2
CUST002346,694,1,0.39,2,1
CUST002347,608,2,0.65,2,1
CUST002348,702,1,0.49,0,0
CUST002349,648,2,0.11,1,0
CUST002350,669,2,0.11,2,0
CUST002351,625,1,0.53,0,0
CUST002352,643,0,0.19,0,0
CUST002353,667,3,0.28,1,0
CUST002354,633,1,0.74,0,0
CUST002355,631,1,0.44,1,0
CUST002356,545,3,0.36,6,2
CUST002357,736,1,0.26,0,1
CUST002358,680,1,0.06,2,0
CUST002359,666,3,0.57,0,0
CUST002360,774,0,0.1,0,1
CUST002361,562,2,0.6,1,1
CUST002362,593,3,0.52,1,1
CUST002363,850,1,0.14,2,0
CUST002364,711,3,0.63,1,0
CUST002365,679,1,0.32,1,0
CUST002366,716,2,0.22,1,0
CUST002367,652,3,0.24,1,0
CUST002368,800,5,0.31,1,0
CUST002369,679,3,0.33,3,0
CUST002370,646,3,0.23,1,0
CUST002371,708,0,0.59,1,0
CUST002372,621,0,0.25,1,0
CUST002373,684,2,0.36,1,0
CUST002374,631,1,0.09,2,1
CUST002375,693,1,0.28,0,0
CUST002376,648,5,0.16,1,0
CUST002377,740,2,0.38,1,0
CUST002378,664,1,0.42,1,0
CUST002379,568,4,0.82,1,1
CUST002380,584,1,0.75,1,1
CUST002381,596,3,0.7,2,0
CUST002382,660,0,0.52,0,0
CUST002383,763,0,0.09,0,0
CUST002384,660,0,0.26,3,0
CUST002385,785,0,0.11,3,0
CUST002386,754,0,0.26,2,0
CUST002387,690,2,0.45,0,0
CUST002388,711,3,0.55,1,0
CUST002389,486,4,0.51,1,1
CUST002390,656,0,0.07,1,1
CUST002391,562,2,0.73,3,1
CUST002392,645,1,0.41,0,0
CUST002393,606,2,0.54,2,0
CUST002394,669,1,0.74,1,0
CUST002395,565,3,0.44,3,1
CUST002396,708,1,0.29,1,0
CUST002397,701,2,0.19,0,0
CUST002398,729,4,0.25,1,0
CUST002399,706,1,0.09,0,0
CUST002400,612,3,0.88,2,1
CUST002401,607,3,0.63,2,0
CUST002402,900,2,0.35,2,0
CUST002403,638,2,0.17,1,0
CUST002404,780,4,0.27,0,0
CUST002405,742,1,0.17,4,0
CUST002406,691,1,0.4,2,1
CUST002407,612,3,0.57,2,0
CUST002408,654,4,0.29,0,0
CUST002409,726,4,0.14,1,0
CUST002410,589,3,0.82,1,0
CUST002411,743,2,0.52,1,0
CUST002412,611,3,0.51,3,1
CUST002413,799,1,0.38,0,0
CUST002414,788,3,0.42,2,0
CUST002415,668,4,0.09,1,0
CUST002416,573,4,0.54,2,2
CUST002417,600,2,0.49,2,2
CUST002418,719,2,0.15,1,0
CUST002419,658,2,0.73,3,1
CUST002420,735,1,0.66,1,0
CUST002421,675,4,0.24,3,0
CUST002422,598,2,0.65,2,0
CUST002423,638,1,0.16,0,0
CUST002424,735,2,0.06,0,0
CUST002425,638,3,0.17,1,0
CUST002426,688,1,0.26,0,1
CUST002427,690,2,0.17,1,0
CUST002428,633,1,0.72,1,0
CUST002429,765,2,0.63,2,0
CUST002430,689,2,0.18,1,0
CUST002431,697,2,0.31,1,1
CUST002432,672,2,0.34,1,0
CUST002433,782,1,0.39,0,0
CUST002434,785,1,0.09,3,0
CUST002435,684,4,0.33,2,0
CUST002436,788,2,0.58,2,0
CUST002437,664,3,0.26,1,0
CUST002438,615,3,0.52,4,0
CUST002439,672,3,0.5,0,0
CUST002440,627,0,0.13,0,0
CUST002441,631,2,0.46,1,0
CUST002442,660,2,0.13,0,0
CUST002443,656,1,0.09,0,0
CUST002444,598,3,0.62,2,0
CUST002445,723,2,0.31,1,0
CUST002446,582,1,0.31,1,0
CUST002447,626,1,0.42,0,0
CUST002448,721,3,0.11,1,1
CUST002449,602,5,0.61,2,0
CUST002450,822,2,0.35,0,0
CUST002451,691,4,0.24,0,0
CUST002452,697,4,0.67,0,0
CUST002453,605,2,0.52,1,1
CUST002454,543,2,0.61,3,1
CUST002455,845,4,0.13,2,0
CUST002456,712,0,0.26,0,0
CUST002457,816,1,0.3,1,0
CUST002458,679,1,0.3,1,1
CUST002459,638,1,0.5,1,0
CUST002460,713,3,0.52,1,0
CUST002461,713,0,0.29,0,1
CUST002462,748,1,0.24,3,0
CUST002463,735,1,0.04,0,1
CUST002464,725,1,0.42,0,0
CUST002465,600,2,0.54,1,1
CUST002466,791,3,0.36,0,0
CUST002467,614,3,0.88,1,0
CUST002468,623,0,0.3,1,0
CUST002469,668,3,0.93,2,1
CUST002470,667,0,0.28,2,0
CUST002471,708,1,0.45,1,0
CUST002472,629,3,0.21,1,0
CUST002473,589,2,0.84,2,1
CUST002474,638,1,0.29,0,0
CUST002475,716,4,0.14,0,0
CUST002476,629,0,0.21,2,0
CUST002477,688,0,0.46,0,0
CUST002478,660,1,0.6,0,0
CUST002479,732,1,0.07,1,1
CUST002480,721,2,0.45,0,1
CUST002481,739,4,0.18,1,0
CUST002482,565,1,0.71,2,1
CUST002483,615,3,0.65,1,0
CUST002484,616,2,0.81,3,1
CUST002485,643,1,0.59,1,1
CUST002486,569,2,0.32,3,3
CUST002487,531,1,0.5,1,2
CUST002488,781,3,0.14,1,0
CUST002489,669,2,0.62,2,0
CUST002490,679,2,0.33,4,0
CUST002491,691,0,0.19,3,2
CUST002492,732,4,0.3,1,0
CUST002493,702,3,0.52,2,0
CUST002494,695,1,0.36,1,0
CUST002495,673,3,0.15,1,1
CUST002496,676,2,0.23,1,0
CUST002497,692,1,0.04,1,0
CUST002498,665,1,0.33,1,0
CUST002499,703,3,0.3,2,0
CUST002500,625,3,0.24,0,0
